presentedImage,0,1,2,3,4,5,6
ATM1.jpg,-0.7005230125,0.1436900875,1.1526843875,0.05674520950000001,0.316115175,-0.5097354975,-0.4589762375
ATM4.jpg,-1.0665489666666665,0.5930773583333333,0.5597812058333334,0.5651049175,-0.054083925833333345,0.15301049166666666,-0.7503412749999999
HorseRaceTrack.jpg,-0.7624791625,-0.7624791625,0.9337622,1.3521059625,0.35310807,-0.48242615,-0.6315916874999999
RVinside2.jpg,-0.5042938499999999,-0.5042938499999999,-0.49319594166666664,1.9229782083333333,0.43534796416666666,-0.352248705,-0.5042938499999999
ShowJumping7.jpg,-0.9589752909090908,-0.37979939090909093,0.25122537272727274,0.20814380000000002,1.533962218181818,-0.09171531354545454,-0.5628414090909092
airplanecabin1.jpg,-0.40120286250000003,-0.40120286250000003,-0.3514680425,2.2620412500000002,-0.30576182375,-0.40120286250000003,-0.40120286250000003
airplanecabin3.jpg,-0.6320010916666666,-0.45390896666666664,-0.426739865,0.5774285608333333,1.5832168500000001,-0.09038729166666666,-0.5576081916666666
airplanecabin5.jpg,-0.7810133411764706,0.9023669882352942,1.1840082764705882,0.035035439999999994,-0.40040866941176473,-0.26649561176470593,-0.6734929052941176
airportTerminal2.jpg,-0.8046192666666667,-0.57973705,0.36977699416666665,0.7026053754166668,0.3888019741666667,0.5672568,-0.6440845916666667
airportTerminal3.jpg,-0.9812242294117648,-0.0007826223529411739,0.07358542058823529,-0.0872440594117647,1.1701553247058825,0.7941829411764706,-0.9686730235294116
airportTerminal4.jpg,-0.6145562625000001,-0.23457784125000003,1.63620395,0.31689432500000003,0.08911481250000003,-0.5785228625000001,-0.6145562625000001
airportTerminal6.jpg,-0.6938298416666666,-0.624517775,-0.03910357416666667,1.9329691666666668,0.28255212749999997,-0.17547618333333334,-0.6825939
alley1.jpg,-0.5743894375,-0.5743894375,-0.51531125,-0.059820074999999986,1.9447343750000001,0.35356526374999997,-0.5743894375
alley2.jpg,-0.5614806869565218,-0.5614806869565218,-0.5367187130434783,-0.1005921208695652,1.7951354739130436,0.5266173421739131,-0.5614806869565218
alley3.jpg,-0.623091525,-0.23380344166666667,-0.169717625,0.5147512816666667,1.8529659666666667,-0.6705522916666666,-0.6705522916666666
alley4.jpg,-0.4246174166666667,-0.4246174166666667,-0.33385763333333335,2.182907,-0.17060011666666666,-0.4045968833333333,-0.4246174166666667
amusement3.jpg,-0.86351045,-0.3802162658333333,-0.6258951166666668,-0.20378674166666666,0.9436754416666666,1.3204115416666666,-0.19067826666666665
apartmentBuilding1.jpg,-1.1569110347826088,0.3650969478260869,-0.08929351260869565,1.2268069782608695,-0.2195403804347826,0.3296261404347826,-0.4557851795652174
apartmentBuilding2.jpg,-0.9691963375,-0.07593320000000003,-0.17963767375,-0.17654141,0.4436762125,1.4846744,-0.5270418625
apartmentBuilding3.jpg,-1.2810115833333333,0.49950185833333327,0.1637291975,0.5699842083333334,-0.18825007500000002,0.5711188583333333,-0.3350724608333333
apartmentBuilding4.jpg,-1.4951375823529411,-0.014466611764705886,0.3649086158823529,-0.07876674117647059,0.1968792564705882,0.8324487529411764,0.19413446
appleorchard2.jpg,-0.9241961352941176,0.1986168588235294,0.3432514544117647,1.0558277811764705,0.385990404117647,-0.15524354764705883,-0.9042465470588236
appleorchard3.jpg,-0.6005137764705882,-0.578472494117647,-0.44983233411764706,-0.21616628470588234,1.3426814294117646,1.0510055505882352,-0.5487021941176471
appleorchard4.jpg,-0.4948708363636364,-0.4948708363636364,-0.4948708363636364,0.5575249881818182,1.9168291909090909,-0.4948708363636364,-0.4948708363636364
applestore1.jpg,-0.7513163272727272,-0.4718871181818182,-0.4791975545454546,-0.06284036363636364,0.5876400072727272,1.7408386818181818,-0.5632372
applestore2.jpg,-1.0243899250000001,-0.14775520916666668,-0.32743197500000004,0.11521837583333332,0.41497216833333334,1.5423375083333333,-0.5729507991666667
applestore4.jpg,-1.1039885083333334,0.698202375,0.29392635,0.09218650833333332,-0.1954955766666667,0.6207217158333332,-0.40555278966666664
applestore6.jpg,-0.6705494454545454,1.0807003545454545,1.6140337545454544,-0.0738032590909091,-0.6092825181818182,-0.6705494454545454,-0.6705494454545454
aquarium1.jpg,-0.6201080545454546,-0.6201080545454546,-0.6201080545454546,-0.3148820363636364,0.900384,1.8386861818181819,-0.5638640727272727
arcade1.jpg,-0.9054197043478261,-0.3598744040434783,-0.12003847434782611,0.14390727391304348,1.1131378782608696,1.0337072173913044,-0.9054197043478261
arcade2.jpg,-0.6141434,-0.6141434,1.0808449583333333,1.4791996166666668,-0.31390486666666667,-0.4878830166666666,-0.5299698083333334
artStudio1.jpg,-1.1103016749999999,0.26297071250000004,0.05500562500000003,0.29196803125000004,0.38309095125,0.6555769625,-0.5383105537499999
artStudio3.jpg,-0.6763466874999999,-0.6763466874999999,1.1126937625,0.35843391062499996,1.2200613625,-0.6621490125,-0.6763466874999999
attic1.jpg,-0.5673448173913044,-0.5500224478260869,-0.11811538956521739,1.7012415695652172,0.43130557826086957,-0.3729857717391304,-0.5240787391304348
attic2.jpg,-0.498260975,-0.430350225,-0.2149842125,1.8992890375,0.24082837624999998,-0.498260975,-0.498260975
attic3.jpg,-0.4739356,-0.4739356,-0.35041565,2.219168625,-0.19702445000000002,-0.34007361875,-0.38378365
attic4.jpg,-0.48405794117647055,-0.48405794117647055,-0.48405794117647055,-0.3081504352941176,2.0946521823529416,0.13964318588235294,-0.4739709588235294
auto_showroom1.jpg,-0.9187569545454545,0.22681897272727272,0.4388235163636363,-0.09462586363636363,-0.1683573090909091,1.2377515363636364,-0.7216539181818181
auto_showroom3.jpg,-0.7872222625,0.0031568037500000062,-0.322604805,-0.3002387125,0.64959444,1.544537075,-0.7872222625
auto_showroom4.jpg,-0.9041401909090908,-0.6378936710909091,1.2137501727272726,-0.165255202,-0.3314919363636364,0.8115362636363636,0.013494609090909089
auto_showroom5.jpg,-0.8643403181818182,0.0036150645454545616,-0.3700464563636363,0.36550861818181823,1.2026494909090908,0.37159484545454546,-0.7089813454545454
backstage1.jpg,-0.6315373,-0.6315373,-0.3758733954545454,1.0893942118181819,0.8915941636363637,0.18932377272727272,-0.5313640545454544
backstage2.jpg,-0.5626084,-0.302500275,1.7972873125,0.6635203624999999,-0.47048195,-0.5626084,-0.5626084
backyard1.jpg,-0.7700513916666667,-0.5476080083333333,0.8380565916666667,1.1277983166666667,0.40567154749999995,-0.36064946666666664,-0.6932175416666667
backyard2.jpg,-0.4437230625,-0.442367075,-0.3542277125,1.800219625,-0.0805509875,-0.035627575,-0.4437230625
backyard5.jpg,-0.823784725,-0.6912894416666666,0.577710075,0.8118993366666666,1.0461778083333333,-0.14067655,-0.7800366666666667
backyard6.jpg,-0.6941136499999999,-0.6941136499999999,-0.27733625,1.0782278166666668,0.4170014791666667,0.8235728999999999,-0.6532387416666666
baggageClaim1.jpg,-1.4321178352941175,0.18075348294117646,1.326833617647059,-0.039681131764705876,-0.31920400529411763,0.2522549288235294,0.03116069647058824
baggageClaim2.jpg,-0.6516991086956522,-0.2281255391304348,-0.41684757826086954,-0.21643845652173913,0.2801515347826087,1.6844449739130436,-0.4514858560869565
baggageClaim3.jpg,-0.9720843411764707,0.058207855294117636,0.24725087529411763,-0.1445004564117647,0.012549955294117645,1.7706604705882352,-0.9720843411764707
baggageClaim4.jpg,-0.7908495125,-0.6697003625,2.028406375,0.1244268,-0.33223649250000004,0.07875383749999999,-0.43880080374999997
balconyIN.jpg,-0.6447464636363637,-0.03926531818181817,1.103633290909091,1.4450341727272729,-0.5751627090909092,-0.6447464636363637,-0.6447464636363637
balconyIN2.jpg,-0.513625975,-0.513625975,-0.513625975,-0.12759096,2.061932525,-0.09177903874999999,-0.3016844875
ballroom1.jpg,-0.8176471375,-0.6396946,0.2293364,1.540134275,0.4706180625,-0.11643093125000001,-0.6663162375
ballroom2.jpg,-1.096188409090909,-0.24985496363636361,0.13438342363636363,0.9073378454545454,0.14150252,0.5663460909090909,-0.40352652727272725
ballroom3.jpg,-0.8683391416666666,-0.36590045,0.047376275,1.22615627,0.6823229666666667,0.08398710083333334,-0.80560325
ballroom4.jpg,-0.8926866818181818,-0.7822917636363637,1.1426168363636362,0.8374838009090909,0.17630914272727274,0.19391062727272726,-0.6753419353636364
bambooforest.jpg,-0.5148869130434782,-0.5148869130434782,-0.014484021739130413,1.669309352173913,0.2948471113043478,-0.4050117652173913,-0.5148869130434782
bambooforest3.jpg,-0.38796710909090903,-0.38796710909090903,-0.38796710909090903,2.266843090909091,-0.3270074818181818,-0.38796710909090903,-0.38796710909090903
bambooforest4.jpg,-0.4120193875,-0.4120193875,-0.4120193875,2.234803625,-0.17470665,-0.4120193875,-0.4120193875
bambooforest5.jpg,-0.6374333363636363,-0.37772517818181817,-0.2419908218181818,1.8030378727272727,0.1607250718181818,-0.07842516454545453,-0.6281885181818182
banquetHall2.jpg,-0.9943765695652174,0.39587128956521744,0.8212391582608696,-0.10828158173913041,-0.056173932173913046,0.5992422913043478,-0.6575205956521739
banquetHall4.jpg,-0.6601197173913044,0.14854720217391304,1.7618375913043478,0.13928732273913044,-0.24314477391304348,-0.48628792173913044,-0.6601197173913044
banquetHall6.jpg,-0.5928408260869565,-0.5928408260869565,-0.26871163565217393,1.2905311217391304,1.2577765608695652,-0.5010737191304347,-0.5928408260869565
bar.jpg,-0.6863443882352941,1.1161034411764705,1.3227819,0.2360876654117647,-0.6159397647058824,-0.6863443882352941,-0.6863443882352941
bar2.jpg,-1.0888598652173913,0.43923731478260875,0.4944829272173913,-0.0916080904347826,-0.013672127956521752,0.8766636326086956,-0.616244062173913
bar8.jpg,-0.8087728666666667,-0.014307400000000017,-0.465240275,0.004052845833333318,0.5393678166666667,0.9579978083333334,-0.213098075
barbershop2.jpg,-0.6316286249999999,-0.1886101,1.6892889916666667,0.5742593290833334,-0.2653480516666667,-0.5539740508333334,-0.6239872083333333
barbershop3.jpg,-0.5063449869565217,-0.5063449869565217,-0.5010770869565218,0.7830830965217391,1.7342168347826088,-0.4971879347826087,-0.5063449869565217
baseball6.jpg,-0.8032022,-0.7939429750000001,0.2679425583333333,1.2467583583333333,0.7868348258333334,0.09881136583333333,-0.8032022
basement.jpg,-0.7287212750000001,-0.009382821250000006,1.2844766875,0.5674270175,0.34364295,-0.7287212750000001,-0.7287212750000001
basement5.jpg,-0.7436260352941176,-0.5684586588235294,1.7527864978823529,0.48466881411764706,-0.11982471294117648,-0.07673018235294117,-0.7288155882352941
basement6.jpg,-0.6809856416666666,0.014479150000000005,-0.3352142933333333,1.6901531166666668,0.41398424833333336,-0.45191144083333334,-0.6505050666666666
basketballcourt.jpg,-0.6382471416666667,-0.47491810833333337,-0.12761983333333335,1.8579477416666668,0.14592754166666663,-0.2145719391666667,-0.54851815
basketballcourt3.jpg,-0.8665487176470589,-0.5874875794117648,0.23478922,0.4709470057647059,1.2886679705882353,0.17155390070588236,-0.7119220235294117
basketballcourt4.jpg,-0.5927939565217392,-0.3489271739130435,-0.3499812347826087,0.08995128304347826,2.005425952173913,-0.21088097391304347,-0.5927939565217392
basketballcourt7.jpg,-0.7085580833333333,-0.6225856,0.0019060083333333384,0.4748393975,1.6161931666666665,-0.046727503333333344,-0.7150673333333333
baywindow5.jpg,-0.7145632882352941,-0.7145632882352941,-0.7056642294117647,0.5950350235294117,0.59332427,1.1490941000000001,-0.20266269352941174
beach1.jpeg,-0.8736020166666667,-0.20541406666666664,0.9493886666666667,0.65398535,-0.24439876666666668,0.44625215,-0.7262113083333334
beach2.jpg,-0.6693425545454545,-0.5037154818181818,-0.5437896272727273,0.40240672272727274,0.8509986818181818,0.947860390909091,-0.48441812181818183
bedroom6.jpg,-0.6914719304347826,-0.5157856234782608,-0.2676054933478261,0.08331655,0.3904572973913043,1.6925612956521738,-0.6914719304347826
bikerack1.jpg,-0.581424425,-0.581424425,0.0823607,0.16902972437500002,0.67738940025,0.768526825,-0.5344579125
bistrooutdoor5.jpg,-0.6921295363636364,-0.5804850936363636,-0.3890815636363636,-0.20328017272727275,1.5342382181818182,0.9526217181818182,-0.6218835909090908
bistrooutdoor6.jpg,-1.1977532166666667,-0.06853712249999999,0.49056234000000004,0.23484728833333332,0.30029016666666664,0.7990188416666667,-0.5584282555
bleachers5.jpg,-0.7546548,-0.7546548,0.7225318125,0.09212052250000002,0.56807904625,0.85428305,-0.727704825
bleachers6.jpg,-0.8693373666666666,-0.29828194999999996,-0.2260365708333333,0.9312560441666666,0.7932514683333333,0.49692515000000004,-0.8277768499999999
bleachers7.jpg,-1.197454417647059,0.3149990050588235,0.30056492470588236,0.5771528705882353,0.058379588235294114,0.27865544311764706,-0.3322973588235294
bleachers8.jpg,-1.0190744636363638,0.8221000090909091,0.9531734836363637,0.3333836181818182,-0.043910363636363636,-0.3713826818181818,-0.6742897727272728
boardwalk.jpg,-0.6897250333333332,-0.61218105,-0.15406808333333333,0.47873434066666665,1.5967501833333333,0.011695498333333327,-0.6312057583333334
boardwalk2.jpg,-0.8370990875,-0.694488825,1.2366339875,0.7963654874999999,0.4513851125,-0.2300099825,-0.72278685
boardwalk4.jpg,-0.5372400705882353,-0.5372400705882353,0.5319488023529412,1.922543494117647,-0.3880996411764706,-0.4714750594117647,-0.5204373058823529
boardwalk6.jpg,-0.5459832875,-0.5459832875,-0.4009716125,0.10759227,2.069389,-0.1852007375,-0.4988424875
botanicalGarden4.jpg,-0.6283701416666667,-0.5600382833333334,-0.11916782166666667,1.8519467166666665,0.42675514999999997,-0.34275554999999996,-0.6283701416666667
botanicalGarden5.jpg,-0.9663565117647058,-0.4667781588235294,0.07702678511764706,0.8328119117647058,0.8917969488235294,0.6035433411764706,-0.9720442176470588
botanicalGarden6.jpg,-0.6522677625,-0.6522677625,0.4032201375,0.63564515,-0.014692941250000008,0.9136546875,-0.6332918750000001
botanicalGarden7.jpg,-0.58168795,-0.58168795,-0.574187025,-0.28742407833333333,1.7080497166666666,0.8986253933333334,-0.58168795
bowlingalley3.jpg,-0.7402229086956522,-0.3349665347826086,0.49847565608695654,0.7865605508695651,0.003939821739130441,0.3997777304347826,-0.6135643495652174
bowlingalley5.jpg,-0.628892375,-0.628892375,-0.012560187499999986,0.46479407625,0.0686458175,1.365797425,-0.628892375
breakroom2.jpg,-0.6379114454545455,-0.49941259909090907,0.04029000909090908,1.884278372727273,-0.26664127545454547,-0.06078841363636363,-0.4598146636363636
breakroom4.jpg,-0.6176503,-0.6176503,0.08017635454545453,1.6083734545454547,0.6042111572727272,-0.43980998454545456,-0.6176503
breakroom5.jpg,-0.6124879347826087,0.06284811869565216,1.6208756695652173,0.5139046565217391,-0.4158596695652174,-0.5545431130434783,-0.6147376869565218
brewery2.jpg,-0.5636853166666667,-0.3122117833333333,-0.3784931166666667,0.32959139916666663,2.0521694166666666,-0.5636853166666667,-0.5636853166666667
brewery4.jpg,-0.6046551181818182,-0.6046551181818182,-0.5031665727272727,-0.10983564090909091,1.563030518181818,0.7934391636363636,-0.5341572490909091
bridalboutique2.jpg,-0.6787210250000001,-0.6643124916666666,1.9765293333333334,0.5053214083333334,-0.32515116083333334,-0.3179024733333333,-0.49576354166666664
bridalboutique3.jpg,-0.7638767583333333,-0.36179170083333334,-0.2977942083333333,0.7621362541666667,1.7241470833333334,-0.4646777816666667,-0.5981426916666667
bus_shelter.jpg,-1.0966579625,-0.08687435000000002,0.28880453125,0.644912805,0.6811427375,-0.046802625000000014,-0.3845248875
bus_shelter3.jpg,-1.046338925,0.17565322749999998,0.82104629625,0.5958707025,-0.3554011733333333,0.43749868333333336,-0.6283288475000001
cabin3.jpg,-0.6559188833333333,-0.6136131,0.296583425,1.6455478291666665,0.47300995833333337,-0.4896902783333333,-0.6559188833333333
cabin4.jpg,-1.1623579499999999,0.1337647408333333,0.35495705916666664,0.49346679583333336,1.189492475,-0.32739641833333333,-0.6819267166666667
cabinIndoors.jpg,-1.010206176470588,0.18961771764705881,0.7004069235294118,0.2970172529411764,-0.19219256941176469,0.012881741764705879,0.0024749182352941167
cabinIndoors5.jpg,-0.9164069916666667,-0.5571778333333334,0.5673119041666667,-0.21610744166666665,-0.16310034166666665,1.4973687583333335,-0.21188814166666667
cafeteria1.jpg,-0.8506669818181819,0.3577093090909091,0.03509145454545455,0.31100962545454547,0.25794729727272725,0.11254953636363636,-0.22364012636363634
cafeteria5.jpg,-0.5946407,-0.48885397826086957,-0.5188634265217391,-0.1268123608695652,1.8878238695652174,0.36199142652173916,-0.5206447
cafeteria6.jpg,-0.5698918434782609,-0.1396854608695652,1.9068499347826087,0.3905003013043478,-0.4479892113043478,-0.5698918434782609,-0.5698918434782609
campsite.jpg,-0.70953125,-0.4820978125,-0.46361405,-0.240315375,1.7941384999999999,0.7533388375,-0.6519185375000001
campsite3.jpg,-0.7124790090909091,-0.28204243545454544,0.15052941363636363,-0.06239975909090909,1.5493296909090908,-0.0029295909090909056,-0.6400084090909091
campsite6.jpg,-0.7338939130434783,-0.006554443478260884,0.4044951082608696,1.137915395652174,0.4088923608695652,-0.4769605004347826,-0.7338939130434783
campsite7.jpg,-0.8527059874999999,-0.43368850000000003,1.213520425,0.3323945775,-0.25223137625000003,0.56423081575,-0.571519875
campusquad1.jpg,-0.6713366666666666,-0.519676775,-0.5021716208333333,-0.021777,0.5841856083333333,1.7650979166666667,-0.6343214416666667
campusquad2.jpg,-1.01664588,-0.07289987375000002,0.5773882862499999,0.93531549375,0.6758408499999999,-0.04124041375000002,-1.0577585250000001
campusquad3.jpg,-1.1194181181818181,-0.42590472727272727,0.9335114727272728,0.17597265454545455,0.16667814545454546,1.0081597545454546,-0.7389994181818181
campusquad4.jpg,-0.8173735529411764,-0.7334000647058823,0.21118336705882354,0.9258676586470588,0.811950705882353,0.4100342764705882,-0.8082620882352941
cargo5.jpg,-0.9520079272727273,-0.042187399999999986,-0.14688971763636363,-0.24668637545454544,0.2897041727272727,1.8209517272727274,-0.7228844454545454
carmechanic.jpg,-0.8096955882352941,-0.7010173358823529,-0.2588552194117647,0.6908817882352941,0.7821644911764707,1.0065716470588235,-0.7100498835294118
carmechanic2.jpg,-0.8361413583333334,-0.5610902566666667,0.16736882499999997,1.072633225,0.70135325,-0.136545535,-0.4075780666666666
carmechanic4.jpeg,-0.6508962272727273,-0.4627356363636364,-0.4300109727272728,0.7283936327272728,1.7019570909090909,-0.29891209090909093,-0.5877959272727273
casino1.jpg,-0.7150587652173913,-0.5497766345217391,-0.41295063043478264,1.9573462000000001,-0.10366590739130435,0.3542061130434782,-0.5301003708695652
casino3.jpg,-0.794402852173913,0.5872824043478261,0.8053358043478261,0.16602143217391305,-0.17404471695652174,-0.06764375217391304,-0.5225482539130435
castle2.jpg,-1.4766296235294116,0.5603665882352942,-0.09820778058823529,0.6833189594117648,-0.24416510588235293,0.5714948470588235,0.0038221176470588257
castle3.jpg,-1.0223672,-0.40957044875,0.288592775,0.7802301125000001,0.18214537125000002,0.34150941,-0.1605401375
castle4.jpg,-1.1509136235294117,0.7196574705882354,1.0371539588235292,0.17524303305882352,0.13783820117647058,0.04806341764705881,-0.9670425235294118
cave.jpg,-0.539829752173913,-0.4662643695652174,-0.4125191391304348,0.8666478878260869,1.3517605608695653,-0.2599654291304348,-0.539829752173913
cave4.jpg,-0.8167056529411765,-0.6522366294117647,1.3268233764705881,0.23674147529411768,0.35368185294117643,0.31798837529411766,-0.7662928882352942
cave5.jpg,-0.7180734823529411,-0.7180734823529411,0.18064608529411763,1.5127065747058825,-0.08763088705882352,0.010343247058823534,-0.17991813176470586
cave6.jpg,-0.7844601181818182,-0.7686482909090909,0.5227523363636363,0.5154605481818182,0.6284887172727273,0.5072159363636364,-0.6208087999999999
cemetery.jpg,-0.8145897176470589,-0.6710637588235294,1.4208638823529414,0.19096523294117648,0.18499584411764702,0.45794935294117645,-0.7691207411764706
cemetery3.jpg,-0.5707594176470588,-0.44454982176470587,-0.10110354647058822,1.9482970294117645,0.08574457058823529,-0.3468693347058823,-0.5707594176470588
cemetery5.jpg,-1.0445918352941177,0.01002418411764706,0.10555920058823527,0.31974678411764706,0.15728622647058824,1.2482963764705883,-0.79632094
cemetery6.jpg,-0.48898708695652177,-0.4232616782608696,-0.21222946260869566,1.2361284543478261,0.4164787826086957,-0.06390669565217391,-0.4642222608695652
checkoutcounter2.jpg,-0.5575981764705883,-0.5575981764705883,-0.5575981764705883,-0.3029551176470588,0.582369608235294,1.9071114823529414,-0.5137313564705882
checkoutcounter9.jpg,-0.710287475,-0.05507549166666665,-0.39812024500000004,-0.27430281,0.5306653175,1.63308315,-0.7259624083333334
church3.jpg,-1.3835063545454547,0.6391332141818181,0.46703299090909084,0.38811591636363635,-0.2571742727272727,0.4037970909090909,-0.2573985181818182
church4.jpg,-1.0823426181818183,0.032971963636363635,0.08791306818181818,1.1148984636363637,0.044590253636363625,0.34037391818181817,-0.5384049818181817
church6.jpg,-0.9746400652173913,-0.06375306565217391,0.049045399999999996,-0.22660864752173912,0.6353701602608696,1.298490605652174,-0.7179043565217391
church8.jpg,-1.1320184869565217,0.22596238695652174,-0.10720627260869564,-0.12631057347826086,1.10928034,0.535419549,-0.5051269573913043
churchInside1.jpg,-0.3949468,-0.3949468,-0.3949468,2.2647525,-0.290018425,-0.3949468,-0.3949468
churchInside3.jpg,-0.46779212352941174,-0.4636174588235294,-0.3550907529411765,2.1885509411764703,-0.04484033176470588,-0.3894181647058823,-0.46779212352941174
churchInside4.jpg,-0.43158565454545456,-0.43158565454545456,-0.36838735454545457,2.220889363636364,-0.12615932181818182,-0.43158565454545456,-0.43158565454545456
citystreet10.jpg,-0.8355061181818182,-0.23478616363636365,-0.05644191818181818,-0.19795947,0.5769898454545455,1.2875599272727272,-0.5398560454545455
citystreet9.jpg,-1.2915920833333334,0.39359287499999995,0.014434315000000003,1.0469187666666666,-0.19628328583333332,0.42788150666666663,-0.3949519083333333
classroom1.jpg,-0.8702357083333334,-0.6527398249999999,-0.0999620175,1.3590855333333334,0.555893195,0.3972230666666667,-0.6892644333333333
cliff2.jpg,-1.1946853454545454,-0.9290431090909091,0.8494693181818181,0.4342294109090909,0.28012363181818184,0.6710875909090909,-0.11118115181818182
cliff3.jpg,-0.7552777565217391,0.45723581347826087,1.1977093260869565,0.38589317521739125,-0.34526727756521736,-0.40984798695652175,-0.5304452460869565
cliff5.jpg,-0.7175857,-0.528574525,-0.2921605999166667,0.35425618416666665,1.186065425,0.644105125,-0.646106
closet.jpg,-1.0020191235294118,-0.9557141470588235,-0.4131722588235294,0.7482449400000001,0.22607345823529412,0.6624145529411765,0.7341725458823529
clothingstore2.jpg,-0.6113835636363636,-0.6113835636363636,-0.6113835636363636,-0.3563846636363637,0.4045707118181818,1.943168281818182,-0.15720374618181818
clothingstore3.jpg,-1.1327398583333332,0.77776005,0.04534921666666666,0.13203653666666668,1.2961610441666667,-0.341998505,-0.7765685083333334
clothingstore5.jpg,-0.6587996235294118,-0.6324158235294117,-0.5136399247058824,-0.11296622941176471,0.5419491347058824,1.959468294117647,-0.58359578
conference3.jpg,-0.6258984391304347,-0.4699947528695652,-0.49972566434782606,0.41480667913043484,1.291124743478261,0.5136154043478262,-0.6239279304347827
conference4.jpg,-1.1483831545454546,1.1170126636363635,0.607589565,-0.07213454454545455,-0.2850630145454545,0.24510864363636362,-0.46413032
constructionSite2.jpg,-0.8385968090909092,-0.7765482545454545,1.6145585545454544,0.3700795172727273,0.2913389157272727,-0.008737236363636346,-0.6520946636363637
constructionSite4.jpg,-1.3388708764705883,0.8825831470588235,0.18808453235294118,-0.23603189252941176,0.18466078411764705,1.1127239588235294,-0.7931495529411764
copyroom2.jpg,-0.5738167411764706,-0.5230983352941176,-0.5202001352941176,-0.3507485882352941,0.7067224941176471,1.8349580705882351,-0.5738167411764706
cornfield2.jpg,-0.44448773750000004,-0.44448773750000004,-0.44448773750000004,-0.17681931875,2.228772,-0.2740016625,-0.44448773750000004
cornfield4.jpg,-0.3876316347826087,-0.3876316347826087,-0.3876316347826087,2.266688043478261,-0.3285299652173913,-0.3876316347826087,-0.3876316347826087
courthouse1.jpg,-0.779462425,-0.29233031249999997,0.7181793375,1.545301375,-0.375618575,-0.37942621249999997,-0.43664309999999995
courthouse2.jpg,-1.0649749,-0.16236745363636362,-0.13054229272727272,0.3949998454545455,0.8960512909090909,0.7086760445454545,-0.6418426154545455
courthouse4.jpg,-1.2619429727272726,0.31589581818181817,0.8639214636363637,0.30466771909090906,-0.36452981272727275,0.13795966272727272,0.00402826363636366
courtroom2.jpg,-0.6410980647058824,-0.6332265529411765,-0.02437983705882353,1.834353182352941,0.6631805352941177,-0.5577310529411764,-0.6410980647058824
courtroom3.jpg,-0.7648121086956522,0.5832726913043479,0.7943844739130436,0.11857627043478262,-0.30852832869565217,0.18237445217391302,-0.6052674608695652
cubicle4.jpg,-0.79602795,0.06928252374999998,0.944927815,0.19171173625,-0.048271607499999994,0.434405425,-0.79602795
cubicle7.jpg,-1.0223249363636364,-0.24063127272727272,0.6378576636363636,1.581763018181818,-0.2169225736363636,-0.19465949000000002,-0.5450823727272728
dancestudio5.jpg,-0.6925318913043479,-0.688754495652174,-0.49217682173913047,1.1288296013043477,1.1930393773913044,0.24412618813043477,-0.6925318913043479
dancestudio6.jpg,-0.68741555,-0.6549986125,-0.238447075,0.836022425,1.2234104625,0.02720892500000003,-0.5057805525
deck1.jpg,-0.653279325,-0.017885549999999986,-0.37963283125,1.96043225,0.006113165000000004,-0.45724816375,-0.4584995625
deck2.jpg,-0.8100489826086957,-0.5081379217391304,0.8961994956521739,0.06750178869565217,-0.040984059,1.0506293130434783,-0.655159747826087
deck4.jpg,-0.8050164,-0.561543975,0.5751065875,0.13956932499999997,0.2652189875,1.1518768125,-0.7652114375
deck5.jpg,-0.695077375,-0.695077375,-0.199847975,0.6868935,1.2072522625,0.39093424875,-0.695077375
dentist2.jpg,-0.8095132333333334,0.2899930941666667,-0.018268631666666674,0.6484661666666667,-0.063254815,0.5050893616666666,-0.5525120166666667
dentist4.jpg,-0.814358594117647,-0.26667480000000005,-0.28548363429411766,0.5139833588235294,0.16252968588235295,1.481069323529412,-0.7910652176470588
desertvegetation2.jpg,-0.7018776999999999,-0.22119961666666665,-0.45912774166666664,-0.28169655916666664,0.5009173666666666,1.4626143666666669,-0.299629975
desertvegetation3.jpg,-0.5662408217391305,-0.5295590913043479,-0.24021370304347825,1.4374980477391304,0.6655104086956521,-0.21734814347826087,-0.5496467130434783
desertvegetation6.jpg,-0.6035643347826087,-0.572579852173913,-0.09254346347826088,0.9298006897826087,1.3171212260869565,-0.37466991739130434,-0.6035643347826087
diner10.jpg,-0.49949182941176473,-0.49949182941176473,-0.49949182941176473,-0.038592875294117646,2.0971506470588235,-0.06059034117647058,-0.49949182941176473
diner11.jpg,-0.5987599764705882,-0.5987599764705882,-0.5987599764705882,-0.0814935294117647,0.4544182711764706,1.9288597529411764,-0.505504688235294
diner12.jpg,-0.6072658000000001,0.6385543430434782,1.3463619652173913,0.38725354500000003,-0.5503724739130434,-0.6072658000000001,-0.6072658000000001
diner14.jpg,-0.614320675,-0.614320675,-0.614320675,1.3422461875,0.851990765,0.14142923437500002,-0.49270447500000003
dining_car.jpg,-0.3873700375,-0.3873700375,-0.3873700375,2.26623975,-0.32938934999999997,-0.3873700375,-0.3873700375
dining_car2.jpg,-0.5495175375,-0.5495175375,-0.5495175375,-0.3468628875,0.553405695,1.9915275,-0.5495175375
dining_car3.jpg,-0.3980755818181818,-0.3980755818181818,-0.3980755818181818,2.2610756363636364,-0.2706978272727273,-0.3980755818181818,-0.3980755818181818
dining_car6.jpg,-0.5239223588235294,-0.5239223588235294,-0.5214904294117647,0.8245636988235294,1.7926162705882351,-0.5239223588235294,-0.5239223588235294
diningroom1.jpg,-0.9470514130434783,0.23637111739130431,0.0355962252173913,0.15655032739130434,0.2121246495652174,0.8077541765217392,-0.5013449647826087
diningroom3.jpg,-0.951213725,0.17237027500000002,0.5055257316666667,0.016306154166666666,0.12335531041666664,0.9480177416666667,-0.8143617166666667
diningroom5.jpg,-0.8866239086956521,0.2440635652173913,0.4794967347826087,0.10508904860869564,-0.12436662926086957,0.9143164895652174,-0.7319754739130435
dinosaur4.jpg,-1.3121538545454545,0.5979623857272727,0.07893031454545453,-0.2585251727272727,-0.031180670454545457,0.8665696454545454,0.05839725090909091
dock1.jpg,-0.48707036363636363,-0.48707036363636363,-0.4646148090909091,2.107544909090909,0.30535116181818184,-0.48707036363636363,-0.48707036363636363
dock2.jpg,-0.7945745833333334,-0.6612869533333333,1.033940275,1.2906054333333332,0.51315224725,-0.6806688333333333,-0.7011679083333333
dock3.jpg,-0.40375328695652174,-0.40375328695652174,-0.38979043913043476,2.250732695652174,-0.24592907478260867,-0.40375328695652174,-0.40375328695652174
dock4.jpg,-0.8701637833333332,-0.8701637833333332,-0.4301503283333334,1.3235902,0.7544386333333333,0.5805839491666667,-0.4881348408333333
doctor1.jpg,-0.7022814647058824,-0.6180271235294117,-0.5101247564705882,0.6713077788235294,1.5349469117647059,0.13887114923529412,-0.514692594117647
dormroom6.jpg,-0.592032775,-0.5072706324999999,-0.06780434999999999,1.4968992941666668,0.8148152466666666,-0.5525740583333333,-0.592032775
dormroom9.jpg,-0.6917151347826087,-0.6861188782608696,-0.10902144782608696,0.7653753230434783,1.1627931195652175,0.15261235826086955,-0.5939253695652174
driveway4.jpg,-0.5020102217391305,-0.45983693043478263,-0.36524092695652177,0.11968158739130436,2.162366,-0.45294938695652176,-0.5020102217391305
driveway6.jpg,-0.561175325,-0.561175325,0.2186557375,0.251523555,1.77452215,-0.561175325,-0.561175325
driveway7.jpg,-0.6490499470588235,-0.6490499470588235,-0.08033237058823531,0.8448458852352941,1.5552151294117649,-0.4952897411764705,-0.5263388629411764
driveway8.jpg,-0.8379342764705883,-0.08327626470588236,0.9248471470588235,0.9522490352941176,0.3945786417647059,-0.5125299705882354,-0.8379342764705883
drycleaners4.jpg,-0.8104755125,0.25068028750000004,-0.332739511125,1.3485920375,0.6575834300000001,-0.42760136875,-0.686039625
drycleaners6.jpg,-0.6663557363636363,-0.6663557363636363,-0.5889409609090909,0.4403896727272727,1.0401047454545453,0.7425885545454546,-0.3014307
drymountains.jpg,-0.6446710999999999,-0.3400270454545455,-0.2874872272727273,1.3862807909090908,0.9188759727272727,-0.3883002818181818,-0.6446710999999999
drymountains3.jpg,-0.9513111363636363,0.07004642545454544,-0.057016331818181824,0.1352130581818182,0.16038813000000002,1.1209980727272728,-0.4783183454545455
drymountains5.jpg,-0.7980661588235295,-0.7293066,0.8948835582352941,1.0218619552941177,0.0994582882352941,0.09815857647058823,-0.5869894976470589
drymountains6.jpg,-0.9961782727272728,0.08357268818181816,0.18772963636363638,0.4835735409090909,0.2575047818181818,0.882397409090909,-0.8985997909090909
dugout1.jpg,-0.8252911764705883,-0.7324536411764706,0.33333304764705884,1.4037603588235295,0.33316392529411765,0.3127787058823529,-0.8252911764705883
dugout2.jpg,-0.5574647181818182,-0.4799470090909091,-0.4680212072727272,0.9248607527272728,1.2940965727272729,-0.15605961272727273,-0.5574647181818182
dugout4.jpg,-0.88817485,-0.23034358375,1.0973876125,0.66820484,0.4007599125,-0.3778860075,-0.66994815
elevatorOutside1.jpg,-0.7880733727272727,-0.7509207272727273,-0.07785153636363634,0.6847311927272727,1.3608397181818181,0.35523719090909095,-0.7839626090909092
elevatorOutside2.jpg,-0.9587634083333333,-0.3185814808333333,1.28640565,0.6921507941666668,0.07421115833333333,-0.2092401833333333,-0.56618265
elevatorOutside4.jpg,-0.6849260391304348,-0.5515137447826087,-0.3622177691304348,0.955575666478261,1.4895105173913041,-0.18908517826086957,-0.6573434782608696
exerciseequipment3.jpg,-0.5374838,-0.5374838,0.84871960125,1.3422221125,-0.04662633249999998,-0.5318639125,-0.5374838
exerciseequipment5.jpg,-0.613120725,-0.613120725,-0.12187514874999998,1.7184154249999999,0.8559427875000001,-0.613120725,-0.613120725
eyeglassstore9.jpg,-0.6764089826086956,-0.5093423347826087,0.7485617000000001,0.14204577478260869,-0.037919434347826096,0.7991802956521739,-0.46611713913043473
fabricstore1.jpg,-0.43607154117647057,-0.43234449999999996,-0.38265067058823526,2.2137697058823527,-0.10422562117647059,-0.4224057352941176,-0.43607154117647057
fabricstore2.jpg,-0.7340429249999999,-0.5240132583333333,-0.5331133258333334,0.215819525,1.3876345083333332,0.7797680766666666,-0.59205265
factory1.jpg,-0.6245313181818182,-0.11559422727272728,0.04073025963636363,2.0566987272727273,-0.40065148,-0.3396439090909091,-0.6170078272727273
farm1.jpg,-0.8447295173913044,-0.6916266,0.874607562173913,0.9274659926086958,0.4740421869565217,0.08990286956521738,-0.8296624478260869
farm2.jpg,-0.791411,-0.03749187500000001,-0.09285327500000001,-0.24135923416666663,1.0311649166666668,0.8980397625,-0.7660894166666666
farm3.jpg,-0.6470089652173914,-0.47907071739130436,1.2497787739130435,0.14188507891304347,-0.09999185782608695,0.4654337913043478,-0.6310260347826088
farm4.jpg,-0.5569756470588235,-0.48871467058823526,-0.12354584235294117,1.9818509411764704,0.18081091470588234,-0.43645014294117646,-0.5569756470588235
farmersmarket4.jpg,-0.6415240545454546,-0.6158196636363636,-0.47340070909090914,-0.20897053727272727,0.7327714381818182,1.8484675454545454,-0.6415240545454546
fireplace4.jpg,-0.8789146250000001,0.18693795000000002,-0.2954263858333333,-0.10250928333333333,0.06127276583333333,1.6929546416666668,-0.664315025
firestation2.jpg,-1.0636363625,0.41857121750000004,0.52550266125,-0.02791392874999999,0.045720862500000015,0.8705213375,-0.7687659375
firestation3.jpg,-0.9803795826086956,-0.1271520447826087,-0.26385930352173914,0.48922774999999996,1.0352671639130435,0.3928463956521739,-0.54595033
firestation4.jpg,-0.7513353818181817,-0.7513353818181817,1.762933181818182,0.3275950109090909,0.14837802636363637,0.015099698181818211,-0.7513353818181817
firestation5.jpg,-1.1936977333333334,0.07589139333333333,0.32117765916666663,1.0181956375,0.21172386666666665,0.27421095,-0.7075018941666666
fittingroom2.jpg,-0.7186401625,-0.7186401625,-0.7186401625,-0.06059053,1.29199275,1.3275495625,-0.4030314875
fittingroom5.jpg,-0.5556300363636364,-0.5556300363636364,-0.5556300363636364,-0.29093610090909094,0.53459676,1.9083518272727273,-0.48512249090909093
flowershop.jpg,-1.2251558,0.3171475125,0.1849289145,0.1467834875,0.11520425449999999,0.8767856075,-0.415694175
flowershop3.jpg,-1.0385852272727272,-0.15214103818181818,-0.4025326909090909,-0.4303342363636364,1.752556618181818,0.5824129636363636,-0.3113763272727273
foodcourt.jpg,-0.7688130411764706,-0.36024568588235295,-0.5340423912941176,-0.2952802294117647,0.34888009411764703,1.901207411764706,-0.29170615588235294
foodcourt6.jpg,-0.7621357294117647,-0.7534656647058824,0.7840880658823529,1.4712313588235293,-0.10437273864705883,-0.11654895882352942,-0.5187962841176471
forestpath10.jpg,-0.5419058695652174,-0.5231204695652174,1.7554277043478261,0.8937432986956522,-0.5003327608695652,-0.5419058695652174,-0.5419058695652174
forestpath2.jpg,-0.5054969333333333,-0.5054969333333333,-0.5054969333333333,1.491484061666667,1.0087336500000001,-0.47822989999999993,-0.5054969333333333
forestpath4.jpg,-0.5938669764705883,-0.5938669764705883,-0.4575868941176471,0.8093519970588234,1.7791437352941177,-0.3493080023529411,-0.5938669764705883
forestpath6.jpg,-0.43626440909090913,-0.43626440909090913,-0.43626440909090913,2.1761243636363634,-0.053597500909090906,-0.37746922272727274,-0.43626440909090913
fountain.jpg,-1.30318525,0.62738035,0.22890800249999999,-0.03852688083333332,-0.07074359083333333,0.8596662491666667,-0.30349902
fountain4.jpg,-1.4498201705882352,1.0887080882352942,0.12520439,-0.3713466976470588,-0.21628302588235293,1.1570650235294118,-0.3335276893529412
fountain7.jpg,-1.3758022647058823,0.9780104,-0.005884414705882362,-0.30184699882352944,-0.1710695515882353,1.0759684764705881,-0.19937555235294116
frontDoor.jpg,-0.7217096875,-0.316302975,-0.1990288125,1.7711759375,-0.19789755,-0.0789227375,-0.2573141875
frontDoor2.jpg,-0.6030589,-0.6030589,-0.6030589,1.9190994000000001,-0.11395536125,0.1352464,-0.13121358125
frontDoor3.jpg,-0.4040689875,-0.4040689875,-0.301257575,2.253613875,-0.3360803125,-0.4040689875,-0.4040689875
frontDoor5.jpg,-0.8058345727272727,-0.3096595090909091,-0.27961023636363636,1.7114625154545455,0.23964738181818185,-0.11256650909090907,-0.4434389393636364
frontFoyer.jpg,-1.0343272166666666,-0.06208337333333335,0.13020104,1.8314709,-0.3254292266666667,-0.031996272500000006,-0.5078359583333333
frontFoyer4.jpg,-0.6020139304347826,-0.4753873956521739,-0.38580181304347827,0.00578277913043478,1.6058274000000001,0.40231578478260877,-0.550722752173913
frontFoyer6.jpg,-1.1124823727272728,-0.1000832636363636,-0.17867827727272728,0.7466426299999999,0.30451441181818184,1.0100192272727273,-0.6699324181818181
frontFoyer7.jpg,-0.681806047826087,-0.44584834782608695,0.24081731304347828,1.8283828217391302,-0.1322059941304348,-0.1501750347826087,-0.659164695652174
frontLawn2.jpg,-0.5961139,-0.5425304833333333,-0.16008574166666667,0.5981450583333333,1.6677392916666667,-0.3828476316666667,-0.5843066499999999
frontLawn3.jpg,-0.8097550090909091,-0.5554186272727273,0.60313691,1.5219519636363636,-0.02799733636363638,0.077836844,-0.8097550090909091
frontLawn4.jpg,-0.55858615,-0.5010534375,0.8158164375000001,1.3965725375,-0.12007391250000002,-0.47408934999999996,-0.55858615
frontLawn5.jpg,-0.4558952869565217,-0.43184543043478263,-0.16746866086956522,2.1919971304347827,-0.3323684704347826,-0.34852401304347824,-0.4558952869565217
gasstation2.jpg,-1.1640712333333334,0.0015861416666666979,0.06592869416666665,0.058571088333333333,0.6734188808333333,1.0329273333333333,-0.6683607199999999
gasstation6.jpg,-0.814798675,-0.3009607875,-0.324284825,1.643579075,0.2055951375,0.03399815,-0.443127875
gasstation7.jpg,-0.9905694375,-0.299977025,0.517528875,0.31377793625,0.72696265,0.72040172125,-0.9881249375000001
gasstation8.jpg,-0.7318862043478261,-0.5206039260869566,0.02195372891304347,-0.04004446999999999,1.7651460608695653,0.21651759130434783,-0.7110828130434782
gazebo.jpg,-1.0890722583333334,0.906610175,0.5661963525,0.16638559666666666,-0.3395099833333333,0.4908845333333334,-0.7014943691666667
gazebo2.jpg,-0.7463085090909091,-0.6276368909090909,0.5981625818181818,0.7674680663636363,-0.14323828,0.7981694,-0.6466167545454545
gazebo3.jpg,-0.80488495,0.09514377500000004,-0.41212652125,1.4698833900000001,-0.2282054225,0.398108425,-0.51791879375
gazebo5.jpg,-1.1920808,0.34503504363636367,0.84140396,0.7938386000000001,-0.29258985454545455,0.2376657863636364,-0.7332727751818182
golfcourse10.jpg,-0.5785114181818182,-0.5785114181818182,0.006026699999999991,0.6543730209090909,0.9116595,0.16347489090909093,-0.5785114181818182
golfcourse6.jpg,-0.6126592260869564,-0.5984130260869565,-0.29356672782608695,1.2520864273913044,0.9293793086956521,-0.06416745652173914,-0.6126592260869564
golfcourse7.jpg,-0.7912989411764705,-0.28356822705882356,0.024262251588235296,0.12532328235294116,0.19052166747058824,1.5013209705882353,-0.7665610294117647
greenhouse.jpg,-1.4522879235294117,0.6258221252941176,0.7946573476470589,0.346383765882353,0.05980516647058822,0.10401224235294118,-0.47839268235294113
greenhouse2.jpg,-0.4701450625,-0.4701450625,-0.4701450625,2.042054875,0.308670255,-0.4701450625,-0.4701450625
greenhouse5.jpg,-0.8910658260869565,0.4871942956521739,0.4010458434782609,0.4831870730434783,-0.014839001304347817,0.21642155217391304,-0.6819440913043479
greenmountains.jpg,-0.7680960625,-0.7070297125,0.4166538625,1.5395168625,0.30041066250000004,-0.014458551249999986,-0.7669973125
grocerystore2.jpg,-0.438526025,-0.438526025,-0.25411558500000003,2.2282704166666667,-0.2734919833333333,-0.3850846875,-0.438526025
grocerystore3.jpg,-0.8031669833333334,-0.6939411999999999,1.3129613416666668,0.94090739,0.04538278083333333,-0.11927562833333331,-0.6828678166666666
grocerystore5.jpg,-1.3702419,0.8036801875,0.8230286499999999,-0.33272087125,-0.26158675124999997,0.35623226125,-0.01839173999999999
grocerystore6.jpg,-1.024904547826087,0.49122693443478266,0.853213336521739,-0.10512541217391305,-0.29035356826086955,0.6910864643478261,-0.6151432695652174
hallway.jpg,-0.50349205,-0.4484735583333333,0.26601995833333336,2.0884023333333332,-0.39547261666666667,-0.50349205,-0.50349205
hallway2.jpg,-0.4698514764705882,-0.4698514764705882,-0.4147841094117647,2.0721499470588234,0.1760988411764706,-0.42391023,-0.4698514764705882
hallway4.jpg,-0.4174291909090909,-0.4174291909090909,-0.3479896709090909,2.2378680909090907,-0.23127191818181816,-0.40631887272727274,-0.4174291909090909
hallway5.jpg,-0.5365819956521739,-0.4620513608695652,-0.4561214860869565,0.5753974334782609,1.9525215913043477,-0.5365819956521739,-0.5365819956521739
hardwarestore1.jpg,-0.5116460782608696,-0.5116460782608696,-0.5116460782608696,-0.2523703282173913,1.7049964695652173,0.5939581860869565,-0.5116460782608696
hayfield4.jpg,-0.986109417647059,-0.20850762294117647,-0.04472711705882353,0.3252004282352941,0.9123160647058823,0.9879369058823528,-0.986109417647059
hayfield5.jpg,-0.997419325,-0.47833521300000004,1.037526125,0.512107925,-0.033295327500000006,0.37408516249999996,-0.41466935574999997
hayfield6.jpg,-0.6333796333333334,-0.565269225,0.04154708333333332,-0.049664536666666675,1.878728416666667,-0.038582564166666666,-0.6333796333333334
hayfield7.jpg,-0.71817685,-0.519818925,0.5850218425,1.3175084833333333,0.020452366666666656,-0.046850057083333334,-0.6381367833333333
hedgemaze1.jpg,-1.0210065363636363,0.21647981363636362,1.7347849090909089,0.16379519090909087,-0.3043263363636364,-0.28070521363636364,-0.5090217826363636
highway.jpg,-0.4521832588235294,-0.4521832588235294,-0.4521832588235294,1.8314323294117647,0.2510355470588235,-0.2737348823529412,-0.4521832588235294
highway2.jpg,-0.4595132333333333,-0.4595132333333333,-0.4595132333333333,-0.10550211666666666,2.056741741666667,-0.14236154166666667,-0.4303383916666667
highway4.jpg,-0.6876986545454545,-0.36062422727272725,-0.19851293636363634,1.6533457545454546,0.35549348999999997,-0.1988049090909091,-0.5631984999999999
highway7.jpg,-0.6290842125,-0.500663825,1.04824455,1.6791988,-0.3395269375,-0.6290842125,-0.6290842125
homegarage.jpg,-0.6382773363636364,-0.4927966545454545,-0.2577879909090909,0.03496428727272725,1.9169890545454544,-0.1200969181818182,-0.4429946818181818
homegarage2.jpg,-0.6411002916666667,-0.4840967916666667,-0.29120256666666666,0.6713002783333333,1.7083863,-0.32218650833333334,-0.6411002916666667
homegarage3.jpg,-0.660841588235294,-0.44268892352941175,0.09003279352941176,1.6577913852941177,0.32722410588235296,-0.41281333705882356,-0.5587045823529412
homegarage4.jpg,-0.9408313117647059,1.1846435,0.1492293032352941,1.1934079470588235,-0.44273460117647057,-0.3168740205882353,-0.8268409352941176
homegarden6.jpg,-0.9998142636363636,0.11390549999999999,0.32972550509090914,0.16766733636363637,0.31413133363636364,1.0673122727272728,-0.9929279000000001
homegarden7.jpg,-0.719463675,-0.6961444875,1.0927209375,1.16470109375,-0.184361413625,-0.31804821875,-0.3394040625
homeoffice.jpg,-0.6451041347826088,-0.3374450504347826,-0.3090727934782609,-0.13834402460869563,0.6346021334782609,1.433598595652174,-0.6382346826086956
homeoffice8.jpg,-0.78530745,0.1788669416666667,-0.0788263725,0.57205822,0.8083749425,0.11193051500000002,-0.8070966999999999
hometheater2.jpg,-0.774234225,-0.43987535,0.333752225,1.2165214625,0.78869075,-0.350620975,-0.774234225
horsebarn11.jpg,-0.6175512434782608,0.5566875373913043,1.5721074739130436,0.2523835966521739,-0.528524924347826,-0.6175512434782608,-0.6175512434782608
horsebarn8.jpg,-0.7485277181818183,-0.5154800181818181,-0.49692297272727276,0.4601339,0.4839942172727273,1.5430013090909092,-0.7261986272727273
horsebarn9.jpg,-0.9219960333333334,-0.42953105,0.04598518583333334,0.6259914050000001,0.7901685266666667,0.8113776816666668,-0.9219960333333334
hospitalroom2.jpg,-0.7247469999999999,-0.6730022833333332,1.07536785,0.5534852396666666,0.7008618525,-0.20721838250000002,-0.7247469999999999
hospitalroom3.jpg,-0.9077925250000001,-0.509848075,1.4376681,0.40738982583333333,0.42229753833333333,-0.13905128333333333,-0.7106634833333333
hotelRoom2.jpg,-0.49538726363636365,-0.49538726363636365,-0.4779266454545455,0.7435015018181818,1.715974181818182,-0.49538726363636365,-0.49538726363636365
hotelRoom3.jpg,-0.4485908739130435,-0.4485908739130435,-0.4102191043478261,-0.001847401304347828,2.0606764782608695,-0.31120896004347826,-0.4402192608695652
hotelRoom7.jpg,-0.8785995529411764,0.8945910329411765,1.0575506411764708,-0.16997505,0.21937138823529412,-0.3088246717647059,-0.8141137588235294
hotellobby2.jpg,-0.739102025,-0.475698325,1.355146925,0.5015734875,0.5947651350000001,-0.5808593375,-0.655825925
hut1.jpg,-1.1894384941176472,0.37166025882352943,-0.13064826470588234,1.1449009529411764,-0.1844329105882353,0.816727034117647,-0.8287686764705883
hut2.jpg,-0.8719347625,-0.0723018,0.19327286249999998,0.1434135775,1.6226098375,-0.1431249,-0.8719347625
hut3.jpg,-0.538774752173913,-0.32734450000000004,-0.41579645217391303,-0.1009552838695652,2.135326565217391,-0.24197045217391305,-0.5104852086956522
hut5.jpg,-1.313584005882353,0.4760275058823529,0.6733049541176471,0.5792521252941176,-0.3459893470588235,0.1510499764705882,-0.22006124823529413
icecream2.jpg,-0.5991508,-0.5991508,-0.4944208333333333,-0.09268653558333335,1.3128763666666667,1.0557081666666666,-0.5831755666666666
igloo.jpg,-0.7711309416666667,-0.436054737,-0.14767574166666667,-0.30490636666666665,0.16874845833333332,1.9450301666666665,-0.45401069575
igloo2.jpg,-0.7114757625,-0.2323145,1.922581,0.18086487625,-0.4565888825,-0.05313443750000002,-0.64993205
igloo4.jpg,-0.9611812823529412,-0.06064052823529411,-0.2068394417647059,-0.021218864705882346,0.9881381082352942,1.0857895882352941,-0.8240478294117647
igloo5.jpg,-0.788585125,-0.19157747375,-0.30467999875,1.51899045,0.41591290625,0.016626875,-0.6666878
jail1.jpg,-0.5553904869565217,-0.5524699782608696,1.9728232173913043,0.6639579130434783,-0.4181397347826087,-0.5553904869565217,-0.5553904869565217
jewelrystore.jpg,-0.586265825,-0.586265825,-0.5477536833333333,-0.043930567499999996,1.956328,0.3941535166666667,-0.586265825
jewelrystore8.jpg,-0.5544433818181819,-0.5544433818181819,-0.33059547272727274,1.090636680909091,1.4307122300000001,-0.5274233818181818,-0.5544433818181819
kindergarten_classroom.jpg,-0.9602234666666667,-0.92948785,0.4353718558333333,1.315171875,0.8775040649166668,-0.07872143333333333,-0.6596150166666667
kindergarten_classroom5.jpg,-0.8972121823529412,-0.1241467705882353,-0.2515787982352941,-0.1351740794117647,0.18685498588235297,1.5867242470588234,-0.36546749411764706
kindergarten_classroom6.jpg,-0.6334045117647059,-0.5330417235294118,-0.4075026805882353,0.8864062576470588,1.7527356470588236,-0.4529788705882353,-0.6122141823529411
kindergarten_classroom7.jpg,-1.2405357294117647,-0.2726057647058824,0.5618931011764705,0.7787898176470588,0.4253367770588235,0.1515415176470588,-0.4044198176470588
lab1.jpg,-0.5160825434782609,-0.44861581304347825,-0.4733995034782609,0.24022804056521738,1.9652430869565218,-0.24853705652173916,-0.5188362826086956
lab3.jpg,-0.9002912529411764,0.20176401111764705,-0.1849044505882353,-0.3097206470588235,0.21939712411764706,1.8740466470588235,-0.9002912529411764
lab4.jpg,-0.7940147647058824,-0.15541954411764702,-0.3756048705882353,-0.3702168411764706,0.5723621882352942,1.9152227058823528,-0.7923288235294118
lab5.jpg,-0.6509996,-0.4430171294117647,-0.5189834043529412,-0.296622924117647,0.7970047303529412,1.7008772529411766,-0.5882588117647058
labClass7.jpg,-0.6663276588235294,-0.4603073241176471,-0.12006573470588235,1.9240830588235294,0.27225029411764706,-0.2833049095882353,-0.6663276588235294
laundromat2.jpeg,-0.8847039454545453,-0.16893360909090907,-0.34632585909090907,-0.09351063636363638,0.9283858181818182,1.4284445636363636,-0.8633565181818181
laundromat3.jpg,-0.5960491,-0.2960442545454546,0.021978636363636363,1.9512613636363638,0.11095150909090909,-0.5960491,-0.5960491
laundromat4.jpg,-0.5770921454545455,-0.2736336318181818,2.074465090909091,0.4339698,-0.5035248,-0.5770921454545455,-0.5770921454545455
library_aisle10.jpg,-0.8852340750000001,-0.874973075,0.915322925,0.8702886125000001,-0.290287655,0.22274947499999997,0.04213361249999997
library_aisle3.jpg,-0.386401975,-0.386401975,-0.386401975,2.267287375,-0.3352774125,-0.386401975,-0.386401975
library_aisle8.jpg,-0.6949418347826086,-0.6949418347826086,-0.04380585826086957,1.8185836260869566,-0.038522122260869554,0.22688492304347826,-0.5732568565217392
library_aisle9.jpg,-0.3892622666666667,-0.3892622666666667,-0.3892622666666667,2.2635828333333334,-0.317271435,-0.3892622666666667,-0.3892622666666667
lightingstore2.jpg,-0.8665953083333333,-0.5034364,-0.181130915,0.7725244041666667,0.9180621416666667,0.686259275,-0.825683475
lightingstore3.jpg,-0.4499330173913043,-0.4499330173913043,-0.4404124304347826,2.1838132173913043,0.056331401739130434,-0.4499330173913043,-0.4499330173913043
lightingstore4.jpg,-0.6237346090909092,-0.6237346090909092,-0.6237346090909092,-0.4023778454545454,0.3837092818181818,2.0364796363636364,-0.14660732727272727
liquorstore.jpg,-0.6407887,-0.6407887,-0.6407887,-0.41461067647058825,0.5593542647058823,1.9881284705882352,-0.2105059602352941
liquorstore2.jpg,-0.7974501705882353,-0.16703104894117646,-0.03473827647058823,-0.3746010570588235,0.06751445588235294,2.050050882352941,-0.7437447552941175
liquorstore7.jpg,-0.5748314375,-0.5748314375,1.65924875,1.1443201375,-0.5042430375,-0.5748314375,-0.5748314375
liquorstore8.jpg,-0.58093495,0.24809000000000003,1.811670025,0.22227655375,-0.5392319624999999,-0.58093495,-0.58093495
livingroom.jpg,-0.8926354727272727,-0.5004482763636363,1.7364179999999998,0.08489340181818182,0.1340531909090909,0.09091354545454547,-0.6531943972727272
lockerroom.jpg,-0.90749365,-0.7442465833333333,0.9569711583333333,1.2587157833333333,-0.10765955083333334,-0.20895426083333332,-0.24733274166666666
lockerroom2.jpg,-1.0078452823529411,-0.5301937894117646,-0.40831579411764707,0.3961930323529412,0.1524563117647059,1.0983421470588235,0.29936337705882354
lockerroom3.jpg,-0.6185083272727273,-0.5593076545454546,-0.4959178309090909,-0.11803480090909092,1.1383128454545455,1.2578988727272729,-0.6044432090909091
lockerroom4.jpg,-0.7400695,-0.611512225,-0.1504035625,-0.10132731249999999,0.99969232,1.3375793875,-0.7339591125
lookout4.jpg,-0.6767190333333333,-0.26577333333333336,-0.4874956,1.5144730583333335,0.8085573916666666,-0.4039380416666667,-0.4891046416666667
mallindoor6.jpg,-1.1337317666666666,0.46924444166666673,-0.35349452499999995,-0.402936625,0.03814710833333334,1.017627785,0.3651436416666667
metroInside1.jpg,-0.5766043529411765,-0.5334479882352942,-0.3033918923529412,2.1214912352941178,-0.2185264976470588,-0.010952876470588235,-0.4785677117647059
metroInside2.jpg,-0.5548441749999999,-0.5548441749999999,-0.23772793750000001,0.34454206249999997,1.23487113625,0.32284737249999995,-0.5548441749999999
metroInside3.jpg,-0.8493315181818182,0.08061278181818182,-0.10284813181818181,1.6300815727272728,0.11275839090909091,-0.12420649090909089,-0.7470668454545454
metroInside4.jpg,-0.44676432173913044,-0.44676432173913044,-0.42853820434782613,1.8834709217391306,0.3158058695652174,-0.4304456434782608,-0.44676432173913044
minigolf.jpg,-0.5970008739130435,-0.522727754347826,0.8935814608695651,1.347263962173913,-0.21924242391304344,-0.31988786956521736,-0.5819865260869566
minigolf8.jpg,-0.7856772470588236,-0.7647454294117647,1.330598694117647,0.26393144529411766,-0.08688628705882352,0.7799796352941177,-0.7372008
museum3.jpg,-0.868309694117647,0.25909708070588233,1.0431076694117647,-0.14990899705882352,1.2877726764705884,-0.6712218529411764,-0.9005368411764705
museum4.jpg,-0.9954095411764705,0.6748352411764705,0.5696682988235294,-0.2526290518235294,0.3719323882352941,0.5198104529411766,-0.8882077411764706
museum5.jpg,-0.8291841875,-0.5973180499999999,0.42893689999999995,0.3728861925,1.21565215,0.21945678,-0.8104299375
museum6.jpg,-0.8248473478260869,-0.8248473478260869,1.4054785608695652,0.8697891254782609,-0.13227647869565218,0.09113433826086957,-0.5844306691304348
musicStore1.jpg,-0.8462515,0.0534988090909091,0.014462156363636368,-0.1541445427272727,1.6404948636363637,0.13819194272727273,-0.8462515
musicStore3.jpg,-0.785314075,-0.16841150625,1.4001030125,0.6206117875,0.051481299999999994,-0.32730695,-0.791163575
newsstand2.jpg,-0.73805105,-0.59904725,-0.43661529625,-0.05678013750000001,0.9079073,1.3742612875,-0.45167493125
newsstand5.jpg,-1.0709705260869564,0.25198281739130435,0.1028324229130435,-0.3085218916956522,0.03899301608695652,1.566485665217391,-0.5808015304347827
newsstand7.jpg,-0.9580013478260869,0.17332319826086956,-0.3877963239130434,-0.3048492786956522,0.4470908713043478,1.187878952173913,-0.15764601739130438
nursery.jpg,-0.6412407363636364,-0.5828274046363636,1.682685909090909,1.0128633454545455,-0.3763643909090909,-0.4538757363636364,-0.6412407363636364
nursery4.jpg,-0.941689894117647,-0.01826278352941177,-0.38914988352941177,0.28041472588235294,0.6112751017647059,1.3991027941176473,-0.941689894117647
observatory1.jpg,-0.95221565,-0.08083055833333332,-0.320617975,0.7905651083333334,0.8330936583333334,0.16270898333333336,-0.4327036741666667
observatory2.jpg,-1.0611681416666667,-0.2064950833333333,0.5373542083333334,0.04779067833333334,0.4821946458333333,0.8667322691666666,-0.66640852
observatory4.jpeg,-0.8154339727272727,-0.6916740363636363,0.7560162363636362,0.5696143532727272,0.343101153,0.3651174481818181,-0.5267412363636363
office3.jpg,-0.780186352173913,-0.690204347826087,1.5296205173913042,0.44790302304347823,-0.27172037304347824,0.1422812143478261,-0.37769371608695657
operatingroom1.jpg,-1.072115882352941,0.08481350470588234,-0.22796193529411762,0.4644189676470588,0.7779289617647058,0.5208674835294118,-0.5479508470588236
operatingroom4.jpg,-0.7698918636363636,-0.15857221818181816,-0.2230807272727273,0.24549284363636364,1.612743090909091,-0.16878381363636363,-0.5379073454545454
pantry5.jpg,-0.7135332875,0.66776675,1.674261875,0.4353490875,-0.6367778875,-0.7135332875,-0.7135332875
park.jpg,-0.7248500705882353,-0.6594103117647059,-0.5285565076470589,0.29908742552941175,1.7442264117647057,0.5943530705882353,-0.7248500705882353
park2.jpg,-0.802813694117647,-0.7399386470588236,0.4394374547058823,1.2395899294117647,0.8435782823529412,-0.1820951888235294,-0.7977582235294117
park7.jpg,-0.7685819347826086,-0.09781272726086958,0.9976216652173914,0.2930745596521739,0.21764484347826088,-0.12616941304347826,-0.5157770843478261
park8.jpg,-0.9654158235294117,-0.26343135705882353,0.9773604647058824,1.0034391557647058,0.731798305882353,-0.5183349235294117,-0.9654158235294117
parkinggarage.jpg,-0.7766665875000001,-0.6871639875,1.0091407725,0.038943278750000004,1.2928978875000001,-0.10048481625,-0.7766665875000001
parkinggarage2.jpg,-0.7073435625,-0.6871160125,-0.06576428750000002,1.6629988625,0.54873782625,-0.044169443749999995,-0.7073435625
parkinggarage3.jpg,-0.7131381999999999,-0.7131381999999999,1.0669569818181819,1.0134793272727274,0.49035308181818177,-0.4313747327272727,-0.7131381999999999
parkinggarage4.jpg,-0.7224429333333333,-0.6952914333333333,0.7543663166666666,0.46368907858333336,1.2060259916666667,-0.28390393975,-0.7224429333333333
parkinglot.jpg,-0.6561689260869565,-0.4892312,-0.03483492173913044,1.170403558652174,0.7514817913043478,-0.16024072782608695,-0.5814096304347826
parkinglot2.jpg,-0.4641891565217391,-0.4261604863043478,-0.37058388999999997,2.072157965652174,-0.06274527517391303,-0.28428996956521735,-0.4641891565217391
parkinglot3.jpg,-0.7143442,-0.25583995,0.021281842250000023,1.853285125,-0.1003753325,-0.08966326250000001,-0.7143442
pasture.jpg,-0.64516615,-0.6319764,-0.5880105875,0.1503419,0.66677355,1.5397207874999999,-0.4916831125
pasture8.jpg,-0.650420575,-0.136931875,1.6294145416666668,0.5420439516666666,-0.10560421666666664,-0.6280811583333333,-0.650420575
pasture9.jpg,-0.6277610818181818,-0.5548037636363636,0.5109043209090909,0.1408727090909091,1.3328205545454546,-0.1964551109090909,-0.6055775636363636
pavilion.jpg,-0.945217404347826,-0.2797852769565217,0.2782196913043478,1.0420985530434783,0.3436127091304348,0.38548284782608694,-0.8244110320869565
pavilion2.jpg,-0.868703525,-0.43506692,0.2034824925,0.961098175,0.24016415000000002,0.6809427375,-0.78191725
pavilion3.jpg,-0.872439294117647,-0.32590590588235296,1.514010494117647,0.06504279235294116,0.24544364705882352,0.19251548647058825,-0.8186671235294117
pavilion5.jpg,-0.7261096130434782,-0.27346547086956524,0.20507439130434782,1.2066732882608695,0.6875466904347826,-0.4338762782608696,-0.6658431391304348
pharmacy4.jpg,-0.47054364782608693,-0.47054364782608693,-0.47054364782608693,2.0810431304347827,0.27167506086956517,-0.47054364782608693,-0.47054364782608693
photographer_studio2.jpg,-0.5486901304347827,-0.47681337391304346,-0.3445677043478261,0.8935377973913043,0.777279564173913,0.09065196086956524,-0.39139833913043476
pier2.jpg,-0.6478545352941176,-0.5499570117647059,0.7315192823529412,1.4299050470588235,0.33209621988235294,-0.6478545352941176,-0.6478545352941176
pier5.jpg,-0.39297336363636365,-0.39297336363636365,-0.39297336363636365,2.264199090909091,-0.29933213999999997,-0.39297336363636365,-0.39297336363636365
playground10.jpg,-0.7107263391304347,-0.6018712,-0.13856010695652174,0.5898559847826087,0.9708827800000001,0.601145252173913,-0.7107263391304347
playground6.jpg,-0.7736332826086957,-0.23790319565217394,0.5397410091304348,0.7073822173913044,0.3520079608695652,0.08600531030434784,-0.6736000391304348
playground9.jpg,-0.8803304272727274,-0.6421354636363636,1.2198055454545456,0.8187887281818181,-0.007638842545454558,0.2723890181818182,-0.7808785909090908
playroom4.jpg,-0.6796096565217391,-0.5929104217391304,0.057995632652173904,0.5225623356521739,1.4644386086956522,-0.09286669652173915,-0.6796096565217391
playroom6.jpg,-0.5187842391304348,-0.2306765043478261,-0.019179538695652178,1.5835961652173913,0.09504116608695654,-0.39121279869565223,-0.5187842391304348
poolhall1.jpg,-0.4889534173913044,-0.44772986521739133,-0.37724055652173916,-0.11190518826086956,2.1657322608695653,-0.25449280173913047,-0.4854104913043478
poolhall2.jpeg,-0.6181231652173913,-0.530300352173913,-0.5684236304347826,-0.23264333913043475,1.0554658995652175,1.506929108695652,-0.6129045130434783
poolhall5.jpg,-0.8068396764705882,-0.6064439352941176,1.1690299576470589,1.0529432076470588,-0.10064622058823529,-0.00978778764705882,-0.6982556176470589
porch.jpg,-0.5308675,-0.5308675,-0.5308675,1.0532098227272728,1.5641155181818183,-0.4938554363636364,-0.5308675
postoffice4.jpg,-0.7963513916666667,-0.7685057333333334,-0.6163844333333334,1.0867533916666667,0.8901943083333334,0.24359701666666667,-0.039303041666666684
promenadeDeck.jpg,-0.5068369125,-0.5068369125,-0.5068369125,1.6126916425000002,0.48389970000000004,-0.06924342000000001,-0.5068369125
promenadeDeck2.jpg,-0.4797810636363637,-0.4797810636363637,0.10882820727272727,2.1575593636363637,-0.35649203636363636,-0.47055249090909085,-0.4797810636363637
promenadeDeck3.jpg,-0.5427493090909091,-0.5427493090909091,-0.5427493090909091,-0.3637984454545455,1.9931860909090908,0.5416095909090909,-0.5427493090909091
promenadeDeck6.jpg,-0.4936850181818182,-0.4936850181818182,-0.4936850181818182,0.32912394727272726,2.1393011818181815,-0.4936850181818182,-0.4936850181818182
publicrestroom2.jpg,-0.8469016500000001,-0.6083281,-0.011473362500000008,-0.04589337375,1.2588705375,0.9920791849999999,-0.7383530687500001
racecarcourse2.jpg,-0.6911609217391304,-0.6261940434782608,0.4602773826086956,1.2339970134782607,0.08756508347826088,-0.06720988130434781,-0.3972746060869565
rainforest5.jpg,-0.657672205882353,-0.657672205882353,-0.4940562764705882,-0.1709221117647059,0.656174091,1.8189827764705881,-0.49483402352941175
readingroom1.jpg,-0.5197606124999999,-0.5197606124999999,-0.5197606124999999,-0.277043802625,0.7578519375,1.5003240500000001,-0.42185032499999997
readingroom2.jpg,-0.48626573333333334,-0.48626573333333334,-0.33825416583333334,2.1682169166666667,0.11510007666666666,-0.48626573333333334,-0.48626573333333334
readingroom4.jpg,-0.4873970764705882,-0.43201255294117646,-0.17261413705882353,2.083397723529412,-0.12636837647058824,-0.37760858235294115,-0.4873970764705882
readingroom5.jpg,-0.8799869625,-0.10718502125,-0.1341437125,0.04484418999999999,0.523472690375,1.1917619,-0.638763075
recordingstudio4.jpg,-0.5489102499999999,-0.5489102499999999,0.05601259999999998,2.043333625,-0.05771195,-0.4735453625,-0.470268625
restaurant13.jpg,-0.4387298,-0.4387298,-0.42659263636363637,2.1515181818181817,0.014471807272727268,-0.4232078545454545,-0.4387298
restaurant14.jpg,-0.7118484125,-0.3691155375,0.8465899,0.5995134375,0.8796523125,-0.53294335,-0.7118484125
restaurant8.jpg,-0.5768432294117647,-0.5002572117647058,-0.4516781941176471,-0.26125081529411764,1.8712130882352942,0.4956596205882353,-0.5768432294117647
restaurantkitchen2.jpg,-0.39130031249999997,-0.39130031249999997,-0.39130031249999997,2.26549675,-0.3089949875,-0.39130031249999997,-0.39130031249999997
rooftop1.jpg,-0.7007188,-0.423497675,0.6512128500000001,0.59584535125,1.037560268875,-0.49489075,-0.6655114
rooftop2.jpg,-0.8747315833333333,-0.7769790141666667,0.2998821741666667,0.5974990075,1.0851549575,0.5213378866666667,-0.8521638333333333
rooftop3.jpg,-0.8771517166666666,-0.5890719958333334,0.41416891666666666,0.5256655508333333,0.7284491470833334,0.5584061,-0.7604662666666666
rooftop4.jpg,-0.7063075916666667,-0.49279976666666664,-0.008662991666666666,1.0817426333333333,0.99867235,-0.1663370083333333,-0.7063075916666667
ruralroad2.jpg,-0.4510867545454546,-0.4510867545454546,-0.4510867545454546,0.017378858818181818,2.211323636363636,-0.42435548181818183,-0.4510867545454546
ruralroad3.jpg,-0.5331497090909091,-0.5331497090909091,0.2337117672727273,1.961400090909091,-0.32878012636363635,-0.2668826909090909,-0.5331497090909091
ruralroad5.jpg,-0.6860390913043478,-0.6860390913043478,0.49670623726086954,1.6976654217391305,0.007833228695652183,-0.18924565652173914,-0.6408811999999999
ruralroad7.jpg,-0.587609175,-0.587609175,-0.27637136625,0.7395247025,1.6067322875,-0.30705855000000004,-0.587609175
sandDunes_desert_outdoor.jpg,-0.8907765000000001,-0.46582064682352936,0.19486204411764704,1.2228132470588235,0.8379875270588235,-0.30442648588235294,-0.5946392352941177
sandDunes_desert_outdoor3.jpg,-0.6223050176470588,-0.6223050176470588,0.490290765882353,1.5095849017647058,0.20864605235294117,-0.3854285397058823,-0.5784831335294117
sandDunes_desert_outdoor8.jpg,-0.5266766235294118,-0.5266766235294118,-0.24946244117647054,2.0523440588235293,-0.06078735294117646,-0.2614185176470588,-0.4273223529411765
sandDunes_desert_outdoor9.jpg,-0.6980537652173914,-0.462716279826087,0.18568577304347825,1.3781437739130435,0.4509730675217391,-0.1804750043478261,-0.6735574826086956
sandbox.jpg,-0.9804580333333334,0.4184000666666667,0.2753566808333333,0.6658000833333334,0.08215078166666666,-0.04647194166666666,-0.41477766666666666
savanna.jpg,-0.9456495363636364,0.1236048772727273,0.3273590018181818,0.6468463181818183,0.10506492727272726,0.43819004818181817,-0.6954154454545454
savanna5.jpg,-0.7443311875,-0.456697975,-0.15781996250000002,1.35652619125,0.8393010750000001,-0.19682122500000002,-0.640156875
sculpturegarden1.jpg,-0.8071150608695652,-0.5113024739130435,1.3817853434782608,0.19700150130434785,0.010374347826086957,0.40010974782608694,-0.6708536086956522
sculpturegarden2.jpg,-0.9337783294117648,0.13440463529411764,0.061882992941176475,-0.34631335,0.0681679688235294,1.5417814529411764,-0.526145288235294
sculpturegarden3.jpg,-1.0036467916666667,0.19153308666666666,0.28461470333333333,0.18292920583333336,-0.10514899916666669,1.1609250916666667,-0.7112060383333333
sculpturegarden4.jpg,-0.7904759181818182,-0.4898505727272727,-0.04652450272727274,0.006059907272727286,1.152257509090909,0.9590098181818182,-0.7904759181818182
shoestore2.jpg,-0.977660925,-0.8555935125,1.296545025,0.66131553,0.13491913375,-0.15084714999999999,-0.1086781375
shoestore4.jpg,-0.7284607,-0.7284607,-0.5104298916666666,0.34467489166666665,1.4387529583333334,0.9123842,-0.7284607
sidewalk1.jpg,-0.4935838,-0.4935838,-0.4935838,2.0321479,-0.033012618181818186,-0.024800036363636355,-0.4935838
sidewalk2.jpg,-0.4757085478260869,-0.4533686495652174,0.12389409721739131,2.0996918260869566,-0.3802753434782609,-0.4483255173913044,-0.46590779565217394
sidewalk3.jpg,-0.5642413333333333,-0.5642413333333333,-0.208607255,2.0344461666666667,0.3458343666666667,-0.47894929166666667,-0.5642413333333333
sidewalk5.jpg,-0.49833180434782604,-0.4701220739130435,-0.37308385695652174,1.6262942386956525,0.27930198652173915,-0.07052969130434783,-0.49352875652173916
skatepark5.jpg,-0.8251918909090908,-0.44411144545454545,0.5021207027272727,0.5815577909090909,0.9060169618181818,-0.047196472727272724,-0.6731955909090909
skatepark7.jpg,-0.8296223909090908,-0.5360906818181819,1.2553471272727272,0.48339969727272725,0.8133204363636363,-0.35673183545454545,-0.8296223909090908
soccerfield.jpg,-0.7773250294117647,-0.5792725588235295,0.13602142176470589,1.6797515823529412,0.3898648117647059,-0.13139888194117647,-0.7176413529411764
soccerfield2.jpg,-0.7719756750000001,-0.32150291833333333,0.22654867499999998,0.44060126833333335,1.2505477333333335,-0.052243541666666664,-0.7719756750000001
staircase.jpg,-0.7438941125,-0.7438941125,1.365031,1.292631725,-0.2005171125,-0.4283168925,-0.5410404125
staircase4.jpg,-1.0766491454545455,-0.5454894909090909,-0.05653075363636364,0.9777077490909091,1.2153977,-0.16904174090909094,-0.3453945781818182
staircase6.jpg,-0.6777887909090908,-0.16713975,-0.4567945818181818,2.0703252727272727,-0.23249587636363636,0.13515179090909094,-0.6712578181818182
staircase7.jpg,-0.8825265352941177,0.1195849197647059,0.35437381,0.8059156164705882,1.3576493588235294,-0.8724705294117647,-0.8825265352941177
stripmall.jpg,-1.0027258652173914,1.0802452130434783,0.34501606434782606,0.08947735869565218,-0.20712347826086958,-0.029374459999999995,-0.2755148652173913
stripmall3.jpg,-1.2016260529411764,0.2365914470588235,0.8913853817647058,0.1800617529411765,-0.06736790594117646,0.6450340047058823,-0.6840787411764706
stripmall6.jpg,-0.8696653727272728,-0.29559534545454547,0.8142613127272728,0.8086340836363637,0.5388187690909091,-0.25673069090909095,-0.7397226090909093
tenniscourt.jpg,-0.6965136083333334,-0.5049456641666666,0.025151569166666683,1.6715801700000001,0.2628056833333333,-0.21097556583333332,-0.5471025833333333
tenniscourt3.jpg,-0.5404276727272728,-0.2600438272727273,1.5568748636363636,0.38274533,-0.29992489363636365,-0.3042767727272727,-0.5349471636363636
theater2.jpg,-0.8930517391304348,-0.16360557934782607,0.33177785217391303,0.9631639317391304,0.2957706765217391,0.17511934347826089,-0.7091744347826088
ticket_counter6.jpg,-0.6967332882352941,0.6131017947058824,1.664194194117647,0.2733514205882353,-0.4849007647058824,-0.6722801117647058,-0.6967332882352941
tollbooth8.jpg,-0.6045727,-0.6045727,-0.165512975,1.681603125,0.5918156375,-0.29418767125,-0.6045727
track.jpg,-0.42426278260869565,-0.42426278260869565,-0.33248917260869565,-0.0672154,2.0954362173913044,-0.4229431826086957,-0.42426278260869565
track5.jpg,-0.4185658565217391,-0.4185658565217391,-0.4185658565217391,2.1267744217391304,-0.03394520869565218,-0.4185658565217391,-0.4185658565217391
trainStation1.jpg,-0.5092128652173913,-0.5092128652173913,-0.44029414782608695,1.8059779652173913,0.6499564521739131,-0.4880015565217391,-0.5092128652173913
trainStation3.jpg,-0.7334046,-0.5792471916666667,-0.22268065,1.1181180083333333,1.360960375,-0.35158794908333335,-0.5921580333333333
trainStation5.jpg,-0.5944221130434783,-0.44204777391304345,-0.30258632826086956,-0.19454986130434784,0.42532501391304345,1.6894510652173913,-0.5811699086956521
treehouse.jpg,-0.491168,-0.491168,0.1778674625,2.161845125,-0.37504045,-0.491168,-0.491168
tvstudio2.jpg,-0.8197510352941176,-0.4100287,0.595533457117647,0.11151378941176471,1.383289805882353,-0.25237560294117645,-0.6081816394117647
tvstudio3.jpg,-0.920703975,-0.7049336583333333,1.1216737133333334,0.3427406583333334,-0.391636525,0.814980125,-0.26212019166666667
volleyballcourt.jpg,-0.6358174652173912,-0.5736918691304348,0.01651725086956521,1.4367119173913043,0.546162347826087,-0.15406469913043477,-0.6358174652173912
volleyballcourt4.jpg,-0.6442496434782609,-0.5961073434782609,0.32546291217391304,0.5179104491304348,1.1334799860869567,-0.09311930826086955,-0.643377047826087
waitingroom2.jpg,-0.6477718125,-0.6477718125,-0.09727109,1.954426125,0.31897146249999997,-0.23281103612499998,-0.6477718125
waitingroom3.jpg,-0.8220502130434784,-0.16413779130434783,0.11987744217391307,-0.007008314521739139,0.8949813173913043,0.7479844060869566,-0.7696467826086956
waitingroom4.jpg,-0.6723225272727272,-0.4536392190909091,-0.3056945272727273,1.785960627272727,0.4871527563636364,-0.3177985818181818,-0.5236583909090909
warehouse1.jpg,-0.7704271500000001,-0.18459041666666667,-0.4708947991666667,-0.26456773333333333,0.7364836,1.7428344500000001,-0.7888377916666666
warehouse2.jpg,-0.3999877521739131,-0.3999877521739131,-0.3999877521739131,2.2584906521739128,-0.2585518656521739,-0.3999877521739131,-0.3999877521739131
warehouse3.jpg,-0.9813065909090909,-0.30707544090909095,-0.2639056718181818,0.5956434463636364,0.686984330909091,1.1565401636363637,-0.8868803181818182
warehouse4.jpg,-0.4644645375,-0.4644645375,-0.3793694675,-0.0028857325,2.2253141249999997,-0.4496654,-0.4644645375
warehouseoutside1.jpg,-0.7806296043478261,-0.5128902647826087,0.02986750304347827,-0.08930789565217391,1.503592152173913,0.6299977956521738,-0.7806296043478261
warehouseoutside2.jpg,-0.9319908352941176,-0.6893278764705881,1.3294991,0.6381046841176471,0.1242932294117647,0.24023390058823532,-0.710812125882353
warehouseoutside3.jpg,-0.9722570583333333,-0.17734396916666664,-0.15306634500000002,1.804736975,-0.06835590000000001,-0.002763609166666667,-0.43094994166666667
warehouseoutside4.jpg,-0.7117089375,-0.27882534999999997,1.6269994875,0.8229979125,-0.481438125,-0.4588926625,-0.519132295
weightroom.jpg,-0.7984182705882352,-0.764630994117647,-0.6535214529411765,1.3121604882352942,-0.03446114582352942,1.1143373823529412,-0.17546598747058822
weightroom4.jpg,-0.9054215882352942,-0.20776557470588236,0.2366603167647059,1.0479303588235296,0.24033027235294113,0.32809905470588235,-0.7398330176470589
weightroom5.jpg,-0.921539825,-0.201291875,1.119596775,0.38695513,0.364791625,-0.14207908749999998,-0.6064327125
windmill1.jpg,-1.3046233411764707,0.16778176470588235,0.2185679717647059,-0.14466973647058823,0.09227349617647057,1.3027569588235295,-0.3320870411764706
windmill2.jpg,-1.167515681818182,1.0424090336363636,0.3800320079090909,-0.017152909090909094,-0.06290884154545456,0.33796606363636367,-0.5128293636363637
wineVineyard2.jpg,-0.5073008086956522,-0.3088177304347826,2.0780712,0.22974202521739132,-0.4770931434782608,-0.5073008086956522,-0.5073008086956522
wineVineyard8.jpg,-0.40652377391304345,-0.40652377391304345,-0.40652377391304345,2.0976441739130434,-0.06502540999999999,-0.40652377391304345,-0.40652377391304345
wineVineyard9.jpg,-0.3915125,-0.3915125,-0.3915125,2.265351375,-0.3077888625,-0.3915125,-0.3915125
winebarrel2.jpg,-0.5865319666666667,0.006731591666666652,1.914195675,0.36073093500000003,-0.52206205,-0.5865319666666667,-0.5865319666666667
winebarrel3.jpg,-0.4403800294117647,-0.4403800294117647,-0.3570919588235294,2.1822374705882357,-0.0966205588235294,-0.4073848352941176,-0.4403800294117647
winebarrel4.jpg,-0.9614500705882354,-0.7930891294117647,1.028540205882353,1.4153646647058822,-0.20947944882352942,-0.08868793529411766,-0.3911983394117647
wrestlingring7.jpg,-1.030927994117647,0.9510810823529413,-0.36816617764705883,0.10978869411764704,0.2721620788235294,1.040218388235294,-0.9741560371176471
yogastudio1.jpg,-0.804976275,-0.6132225,0.06356526408333332,1.5984786833333333,0.47782091,0.060347586666666675,-0.7820138583333334
yogastudio4.jpg,-0.7776797347826087,-0.3784106173913043,-0.18845281347826087,0.5438666026086957,0.7763003121739132,0.7499520956521739,-0.7255756652173914
