presentedImage,ahead,right,left,sharp_right,slight_right,slight_left,sharp_left
ATM1.jpg,0.0,0.25,0.5,0.25,0.0,0.0,0.5
ATM4.jpg,0.7142857142857143,0.0,0.14285714285714285,0.0,0.14285714285714285,0.2857142857142857,0.14285714285714285
HorseRaceTrack.jpg,0.0,0.0,0.25,0.5,0.0,0.25,0.5
RVinside2.jpg,1.0,0.14285714285714285,0.0,0.0,0.2857142857142857,0.14285714285714285,0.0
ShowJumping7.jpg,0.75,0.5,0.5,0.0,0.25,0.5,0.0
airplanecabin1.jpg,1.0,0.0,0.0,0.0,0.0,0.0,0.0
airplanecabin3.jpg,0.2857142857142857,0.14285714285714285,0.14285714285714285,0.2857142857142857,0.2857142857142857,0.0,0.0
airplanecabin5.jpg,0.0,0.1111111111111111,0.4444444444444444,0.1111111111111111,0.0,0.2222222222222222,0.2222222222222222
airportTerminal2.jpg,0.5714285714285714,0.2857142857142857,0.42857142857142855,0.14285714285714285,0.2857142857142857,0.0,0.14285714285714285
airportTerminal3.jpg,0.3333333333333333,0.7777777777777778,0.3333333333333333,0.2222222222222222,0.3333333333333333,0.2222222222222222,0.3333333333333333
airportTerminal4.jpg,0.25,0.0,0.25,0.0,0.0,0.75,0.0
airportTerminal6.jpg,1.0,0.2857142857142857,0.2857142857142857,0.2857142857142857,0.14285714285714285,0.14285714285714285,0.2857142857142857
alley1.jpg,0.5,0.25,0.0,0.0,0.75,0.0,0.0
alley2.jpg,0.2,0.4,0.1,0.0,0.5,0.0,0.0
alley3.jpg,0.5714285714285714,0.0,0.0,0.2857142857142857,0.42857142857142855,0.0,0.14285714285714285
alley4.jpg,1.0,0.0,0.0,0.0,0.0,0.0,0.0
amusement3.jpg,0.8571428571428571,0.5714285714285714,0.0,0.14285714285714285,0.14285714285714285,0.0,0.0
apartmentBuilding1.jpg,0.8,0.0,0.0,0.1,0.0,0.0,0.1
apartmentBuilding2.jpg,0.75,0.25,0.0,0.25,0.0,0.25,0.0
apartmentBuilding3.jpg,0.8571428571428571,0.14285714285714285,0.14285714285714285,0.14285714285714285,0.0,0.0,0.14285714285714285
apartmentBuilding4.jpg,0.2222222222222222,0.5555555555555556,0.5555555555555556,0.4444444444444444,0.0,0.0,0.4444444444444444
appleorchard2.jpg,0.2222222222222222,0.0,0.4444444444444444,0.0,0.0,0.2222222222222222,0.1111111111111111
appleorchard3.jpg,0.2222222222222222,0.2222222222222222,0.0,0.0,0.4444444444444444,0.0,0.0
appleorchard4.jpg,0.75,0.0,0.0,0.0,0.5,0.0,0.0
applestore1.jpg,0.25,0.25,0.0,0.0,0.25,0.25,0.5
applestore2.jpg,0.2857142857142857,0.42857142857142855,0.2857142857142857,0.2857142857142857,0.2857142857142857,0.0,0.2857142857142857
applestore4.jpg,0.2857142857142857,0.0,0.42857142857142855,0.14285714285714285,0.2857142857142857,0.0,0.2857142857142857
applestore6.jpg,0.5,0.25,0.5,0.25,0.0,0.25,0.0
aquarium1.jpg,0.0,1.0,0.0,0.0,0.25,0.0,0.0
arcade1.jpg,0.3,0.9,0.4,0.1,0.2,0.0,0.3
arcade2.jpg,0.42857142857142855,0.14285714285714285,0.0,0.0,0.0,0.2857142857142857,0.2857142857142857
artStudio1.jpg,0.25,0.0,0.0,0.5,0.25,0.25,0.5
artStudio3.jpg,0.25,0.25,0.5,0.0,0.25,0.5,0.0
attic1.jpg,0.5,0.2,0.4,0.0,0.1,0.2,0.0
attic2.jpg,1.0,0.0,0.0,0.0,0.0,0.0,0.0
attic3.jpg,0.5,0.25,0.25,0.25,0.25,0.25,0.25
attic4.jpg,0.2222222222222222,0.2222222222222222,0.0,0.0,0.6666666666666666,0.0,0.0
auto_showroom1.jpg,0.25,0.25,0.25,0.75,0.25,0.5,0.75
auto_showroom3.jpg,0.5,0.5,0.0,0.5,0.25,0.0,0.0
auto_showroom4.jpg,0.0,0.5,0.5,0.25,0.25,0.5,0.0
auto_showroom5.jpg,1.0,0.5,0.0,0.25,0.5,0.25,0.0
backstage1.jpg,0.75,0.0,0.0,0.0,0.25,0.0,0.0
backstage2.jpg,0.25,0.0,0.25,0.0,0.0,0.25,0.25
backyard1.jpg,0.5714285714285714,0.14285714285714285,0.2857142857142857,0.14285714285714285,0.2857142857142857,0.2857142857142857,0.42857142857142855
backyard2.jpg,0.5,0.0,0.0,0.25,0.5,0.5,0.25
backyard5.jpg,0.8571428571428571,0.2857142857142857,0.14285714285714285,0.0,0.2857142857142857,0.42857142857142855,0.0
backyard6.jpg,0.7142857142857143,0.42857142857142855,0.0,0.0,0.2857142857142857,0.0,0.0
baggageClaim1.jpg,0.2222222222222222,0.0,0.4444444444444444,0.2222222222222222,0.1111111111111111,0.3333333333333333,0.3333333333333333
baggageClaim2.jpg,0.1,0.5,0.0,0.3,0.3,0.2,0.2
baggageClaim3.jpg,0.3333333333333333,0.7777777777777778,0.4444444444444444,0.1111111111111111,0.3333333333333333,0.2222222222222222,0.1111111111111111
baggageClaim4.jpg,0.25,0.0,0.5,0.5,0.25,0.25,0.5
balconyIN.jpg,0.25,0.0,0.25,0.0,0.0,0.25,0.5
balconyIN2.jpg,0.25,0.0,0.0,0.0,1.0,0.0,0.0
ballroom1.jpg,0.75,0.25,0.25,0.25,0.75,0.75,0.25
ballroom2.jpg,0.75,0.5,0.5,0.5,0.25,0.25,0.5
ballroom3.jpg,1.0,0.14285714285714285,0.0,0.0,0.2857142857142857,0.2857142857142857,0.0
ballroom4.jpg,0.75,0.0,0.25,0.25,0.0,0.0,0.25
bambooforest.jpg,0.6,0.0,0.0,0.1,0.1,0.1,0.1
bambooforest3.jpg,1.0,0.0,0.0,0.0,0.0,0.0,0.0
bambooforest4.jpg,1.0,0.0,0.0,0.0,0.0,0.0,0.0
bambooforest5.jpg,0.5,0.0,0.0,0.0,0.25,0.0,0.0
banquetHall2.jpg,0.0,0.8,0.8,0.2,0.0,0.0,0.2
banquetHall4.jpg,0.0,0.0,0.6,0.0,0.0,0.4,0.0
banquetHall6.jpg,0.9,0.2,0.1,0.1,0.4,0.3,0.0
bar.jpg,0.0,0.0,0.3333333333333333,0.0,0.0,0.4444444444444444,0.1111111111111111
bar2.jpg,0.0,0.5,0.5,0.5,0.0,0.0,0.5
bar8.jpg,0.5714285714285714,0.14285714285714285,0.0,0.42857142857142855,0.14285714285714285,0.14285714285714285,0.2857142857142857
barbershop2.jpg,0.2857142857142857,0.0,0.2857142857142857,0.0,0.14285714285714285,0.5714285714285714,0.0
barbershop3.jpg,0.9,0.3,0.0,0.0,0.1,0.0,0.0
baseball6.jpg,0.7142857142857143,0.5714285714285714,0.5714285714285714,0.42857142857142855,0.5714285714285714,0.5714285714285714,0.42857142857142855
basement.jpg,0.75,0.25,0.0,0.25,0.5,0.0,0.0
basement5.jpg,0.6666666666666666,0.1111111111111111,0.2222222222222222,0.1111111111111111,0.1111111111111111,0.4444444444444444,0.0
basement6.jpg,0.5714285714285714,0.0,0.42857142857142855,0.0,0.14285714285714285,0.14285714285714285,0.14285714285714285
basketballcourt.jpg,1.0,0.42857142857142855,0.42857142857142855,0.14285714285714285,0.42857142857142855,0.42857142857142855,0.14285714285714285
basketballcourt3.jpg,0.7777777777777778,0.4444444444444444,0.4444444444444444,0.2222222222222222,0.5555555555555556,0.4444444444444444,0.2222222222222222
basketballcourt4.jpg,0.4,0.5,0.1,0.1,0.6,0.1,0.3
basketballcourt7.jpg,1.0,0.42857142857142855,0.2857142857142857,0.42857142857142855,0.42857142857142855,0.5714285714285714,0.2857142857142857
baywindow5.jpg,0.3333333333333333,0.4444444444444444,0.0,0.0,0.1111111111111111,0.0,0.0
beach1.jpeg,0.42857142857142855,0.2857142857142857,0.2857142857142857,0.14285714285714285,0.2857142857142857,0.0,0.14285714285714285
beach2.jpg,0.5,0.5,0.0,0.0,0.25,0.0,0.0
bedroom6.jpg,0.2,0.8,0.3,0.0,0.2,0.4,0.0
bikerack1.jpg,0.25,0.5,0.0,0.75,0.25,0.25,0.0
bistrooutdoor5.jpg,0.5,0.5,0.25,0.0,0.0,0.0,0.0
bistrooutdoor6.jpg,0.2857142857142857,0.0,0.14285714285714285,0.0,0.2857142857142857,0.0,0.2857142857142857
bleachers5.jpg,0.5,0.5,0.0,0.25,0.25,0.0,0.0
bleachers6.jpg,0.42857142857142855,0.2857142857142857,0.14285714285714285,0.2857142857142857,0.2857142857142857,0.2857142857142857,0.0
bleachers7.jpg,0.1111111111111111,0.1111111111111111,0.5555555555555556,0.2222222222222222,0.0,0.2222222222222222,0.2222222222222222
bleachers8.jpg,0.5,0.5,0.25,0.5,0.0,0.0,0.25
boardwalk.jpg,0.42857142857142855,0.42857142857142855,0.0,0.2857142857142857,0.2857142857142857,0.0,0.0
boardwalk2.jpg,0.75,0.25,0.5,0.25,0.0,0.5,1.0
boardwalk4.jpg,0.4444444444444444,0.0,0.1111111111111111,0.0,0.3333333333333333,0.6666666666666666,0.0
boardwalk6.jpg,1.0,0.25,0.0,0.25,0.75,0.5,0.0
botanicalGarden4.jpg,0.7142857142857143,0.0,0.14285714285714285,0.0,0.2857142857142857,0.14285714285714285,0.14285714285714285
botanicalGarden5.jpg,0.0,0.1111111111111111,0.3333333333333333,0.1111111111111111,0.0,0.1111111111111111,0.4444444444444444
botanicalGarden6.jpg,0.25,0.0,0.25,0.5,0.25,0.25,0.0
botanicalGarden7.jpg,0.5714285714285714,0.42857142857142855,0.2857142857142857,0.0,0.0,0.0,0.0
bowlingalley3.jpg,0.2,0.4,0.3,0.1,0.4,0.3,0.2
bowlingalley5.jpg,0.0,0.5,0.0,0.75,0.25,0.0,0.0
breakroom2.jpg,0.75,0.25,0.0,0.0,0.0,0.0,0.25
breakroom4.jpg,0.75,0.5,0.5,0.0,0.0,0.0,0.0
breakroom5.jpg,0.1,0.0,0.5,0.0,0.0,0.4,0.1
brewery2.jpg,0.5714285714285714,0.0,0.0,0.0,0.42857142857142855,0.0,0.0
brewery4.jpg,0.25,1.0,0.0,0.0,0.0,0.0,0.0
bridalboutique2.jpg,0.2857142857142857,0.0,0.2857142857142857,0.0,0.14285714285714285,0.2857142857142857,0.2857142857142857
bridalboutique3.jpg,0.7142857142857143,0.0,0.14285714285714285,0.0,0.42857142857142855,0.14285714285714285,0.0
bus_shelter.jpg,0.75,0.0,0.0,0.25,0.25,0.0,0.25
bus_shelter3.jpg,0.5714285714285714,0.14285714285714285,0.14285714285714285,0.0,0.42857142857142855,0.42857142857142855,0.14285714285714285
cabin3.jpg,0.7142857142857143,0.0,0.14285714285714285,0.0,0.14285714285714285,0.14285714285714285,0.0
cabin4.jpg,0.8571428571428571,0.2857142857142857,0.2857142857142857,0.14285714285714285,0.14285714285714285,0.2857142857142857,0.14285714285714285
cabinIndoors.jpg,0.2222222222222222,0.2222222222222222,0.1111111111111111,0.3333333333333333,0.1111111111111111,0.2222222222222222,0.3333333333333333
cabinIndoors5.jpg,0.2857142857142857,0.42857142857142855,0.14285714285714285,0.14285714285714285,0.2857142857142857,0.2857142857142857,0.0
cafeteria1.jpg,0.25,0.25,0.5,0.25,0.0,0.0,0.0
cafeteria5.jpg,0.6,0.8,0.0,0.2,0.1,0.0,0.1
cafeteria6.jpg,0.0,0.0,0.4,0.0,0.0,0.2,0.5
campsite.jpg,0.25,0.0,0.0,0.25,0.5,0.25,0.25
campsite3.jpg,0.25,0.0,0.25,0.5,0.25,0.25,0.5
campsite6.jpg,0.7,0.4,0.4,0.1,0.2,0.4,0.3
campsite7.jpg,0.5,0.0,0.25,0.0,0.0,0.5,0.0
campusquad1.jpg,0.14285714285714285,0.42857142857142855,0.14285714285714285,0.42857142857142855,0.2857142857142857,0.0,0.0
campusquad2.jpg,0.75,0.25,0.25,0.25,0.25,0.0,0.25
campusquad3.jpg,0.5,0.75,0.5,0.0,0.25,0.25,0.0
campusquad4.jpg,0.7777777777777778,0.4444444444444444,0.3333333333333333,0.2222222222222222,0.2222222222222222,0.2222222222222222,0.2222222222222222
cargo5.jpg,0.5,0.0,0.0,0.0,0.5,0.0,0.25
carmechanic.jpg,0.6666666666666666,0.4444444444444444,0.0,0.1111111111111111,0.0,0.5555555555555556,0.0
carmechanic2.jpg,1.0,0.0,0.0,0.14285714285714285,0.0,0.0,0.14285714285714285
carmechanic4.jpeg,0.5,0.25,0.25,0.0,0.5,0.0,0.0
casino1.jpg,0.4,0.2,0.4,0.3,0.0,0.3,0.1
casino3.jpg,0.0,0.0,0.3,0.2,0.1,0.2,0.2
castle2.jpg,0.6666666666666666,0.2222222222222222,0.2222222222222222,0.2222222222222222,0.0,0.0,0.2222222222222222
castle3.jpg,0.5,0.25,0.25,0.25,0.25,0.5,0.25
castle4.jpg,0.8888888888888888,0.1111111111111111,0.5555555555555556,0.1111111111111111,0.0,0.3333333333333333,0.2222222222222222
cave.jpg,0.4,0.4,0.0,0.0,0.5,0.3,0.0
cave4.jpg,0.5555555555555556,0.2222222222222222,0.3333333333333333,0.1111111111111111,0.4444444444444444,0.4444444444444444,0.1111111111111111
cave5.jpg,0.4444444444444444,0.0,0.3333333333333333,0.0,0.0,0.2222222222222222,0.0
cave6.jpg,0.5,0.0,0.25,0.0,0.0,0.0,0.0
cemetery.jpg,0.0,0.1111111111111111,0.0,0.3333333333333333,0.1111111111111111,0.7777777777777778,0.1111111111111111
cemetery3.jpg,0.8888888888888888,0.1111111111111111,0.1111111111111111,0.0,0.0,0.0,0.0
cemetery5.jpg,0.2222222222222222,0.1111111111111111,0.1111111111111111,0.4444444444444444,0.1111111111111111,0.1111111111111111,0.3333333333333333
cemetery6.jpg,0.5,0.1,0.0,0.1,0.0,0.2,0.2
checkoutcounter2.jpg,0.0,0.5555555555555556,0.0,0.0,0.3333333333333333,0.0,0.0
checkoutcounter9.jpg,0.14285714285714285,0.7142857142857143,0.14285714285714285,0.2857142857142857,0.0,0.0,0.14285714285714285
church3.jpg,0.5,0.25,0.25,0.0,0.0,0.0,0.0
church4.jpg,0.75,0.5,0.75,0.0,0.0,0.0,0.0
church6.jpg,0.5,0.4,0.2,0.2,0.4,0.1,0.1
church8.jpg,0.7,0.3,0.4,0.1,0.1,0.2,0.1
churchInside1.jpg,0.75,0.0,0.0,0.0,0.0,0.25,0.0
churchInside3.jpg,0.7777777777777778,0.0,0.0,0.1111111111111111,0.0,0.0,0.1111111111111111
churchInside4.jpg,0.75,0.0,0.0,0.0,0.0,0.0,0.0
citystreet10.jpg,0.5,0.75,0.5,0.25,0.5,0.25,0.25
citystreet9.jpg,1.0,0.0,0.0,0.0,0.14285714285714285,0.14285714285714285,0.0
classroom1.jpg,0.2857142857142857,0.5714285714285714,0.5714285714285714,0.2857142857142857,0.14285714285714285,0.0,0.0
cliff2.jpg,0.25,0.0,0.5,0.0,0.0,0.25,0.0
cliff3.jpg,0.3,0.0,0.3,0.0,0.0,0.2,0.3
cliff5.jpg,0.42857142857142855,0.14285714285714285,0.14285714285714285,0.2857142857142857,0.42857142857142855,0.2857142857142857,0.14285714285714285
closet.jpg,0.4444444444444444,0.3333333333333333,0.0,0.1111111111111111,0.4444444444444444,0.1111111111111111,0.0
clothingstore2.jpg,0.0,0.5,0.25,0.75,0.0,0.0,0.5
clothingstore3.jpg,0.5714285714285714,0.2857142857142857,0.42857142857142855,0.0,0.14285714285714285,0.0,0.14285714285714285
clothingstore5.jpg,0.3333333333333333,0.5555555555555556,0.0,0.0,0.5555555555555556,0.0,0.0
conference3.jpg,0.5,0.4,0.1,0.2,0.6,0.0,0.0
conference4.jpg,0.5,0.25,0.25,0.0,0.0,0.25,0.0
constructionSite2.jpg,0.25,0.25,0.75,0.25,0.25,0.25,0.5
constructionSite4.jpg,0.2222222222222222,0.3333333333333333,0.4444444444444444,0.4444444444444444,0.1111111111111111,0.1111111111111111,0.3333333333333333
copyroom2.jpg,0.0,0.3333333333333333,0.0,0.2222222222222222,0.3333333333333333,0.0,0.1111111111111111
cornfield2.jpg,0.75,0.0,0.0,0.0,0.5,0.0,0.0
cornfield4.jpg,1.0,0.0,0.0,0.0,0.0,0.0,0.0
courthouse1.jpg,1.0,0.25,0.0,0.25,0.25,0.0,0.25
courthouse2.jpg,0.5,0.5,0.25,0.0,0.5,0.0,0.0
courthouse4.jpg,0.25,0.0,0.25,0.75,0.25,0.0,0.5
courtroom2.jpg,0.8888888888888888,0.0,0.0,0.0,0.1111111111111111,0.1111111111111111,0.0
courtroom3.jpg,0.2,0.0,0.1,0.7,0.0,0.0,0.8
cubicle4.jpg,0.25,0.0,0.5,0.25,0.0,0.0,0.5
cubicle7.jpg,0.75,0.5,0.25,0.0,0.0,0.25,0.0
dancestudio5.jpg,0.8,0.7,0.2,0.3,0.4,0.3,0.1
dancestudio6.jpg,0.75,0.5,0.25,0.75,0.5,0.5,0.5
deck1.jpg,1.0,0.0,0.25,0.0,0.0,0.0,0.25
deck2.jpg,0.1,0.6,0.6,0.2,0.3,0.3,0.2
deck4.jpg,0.25,0.25,0.5,0.25,0.25,0.0,0.25
deck5.jpg,0.25,0.0,0.0,0.0,0.5,0.0,0.0
dentist2.jpg,0.7142857142857143,0.5714285714285714,0.42857142857142855,0.0,0.0,0.0,0.0
dentist4.jpg,0.2222222222222222,0.2222222222222222,0.1111111111111111,0.4444444444444444,0.2222222222222222,0.1111111111111111,0.2222222222222222
desertvegetation2.jpg,0.2857142857142857,0.42857142857142855,0.0,0.14285714285714285,0.2857142857142857,0.0,0.14285714285714285
desertvegetation3.jpg,0.4,0.1,0.3,0.0,0.3,0.0,0.0
desertvegetation6.jpg,0.9,0.2,0.2,0.0,0.2,0.0,0.0
diner10.jpg,0.2222222222222222,0.0,0.0,0.0,0.8888888888888888,0.0,0.0
diner11.jpg,0.0,0.5555555555555556,0.0,0.1111111111111111,0.3333333333333333,0.0,0.1111111111111111
diner12.jpg,0.1,0.0,0.5,0.0,0.0,0.4,0.1
diner14.jpg,0.25,0.25,0.75,0.0,0.0,0.25,0.0
dining_car.jpg,1.0,0.0,0.0,0.0,0.0,0.0,0.0
dining_car2.jpg,0.5,0.25,0.0,0.5,0.25,0.0,0.0
dining_car3.jpg,1.0,0.25,0.25,0.0,0.25,0.25,0.0
dining_car6.jpg,0.4444444444444444,0.0,0.0,0.0,0.4444444444444444,0.0,0.0
diningroom1.jpg,0.4,0.4,0.4,0.1,0.2,0.0,0.2
diningroom3.jpg,0.2857142857142857,0.2857142857142857,0.2857142857142857,0.42857142857142855,0.14285714285714285,0.14285714285714285,0.42857142857142855
diningroom5.jpg,0.1,0.9,0.8,0.0,0.1,0.1,0.1
dinosaur4.jpg,0.75,0.5,0.25,0.5,0.25,0.25,0.5
dock1.jpg,1.0,0.5,0.5,0.0,0.0,0.0,0.0
dock2.jpg,0.42857142857142855,0.0,0.0,0.2857142857142857,0.14285714285714285,0.2857142857142857,0.0
dock3.jpg,1.0,0.0,0.0,0.0,0.0,0.0,0.0
dock4.jpg,0.5714285714285714,0.14285714285714285,0.14285714285714285,0.0,0.14285714285714285,0.14285714285714285,0.42857142857142855
doctor1.jpg,0.3333333333333333,0.0,0.0,0.0,0.6666666666666666,0.0,0.0
dormroom6.jpg,0.5714285714285714,0.0,0.14285714285714285,0.0,0.42857142857142855,0.2857142857142857,0.0
dormroom9.jpg,0.8,0.1,0.2,0.1,0.1,0.0,0.0
driveway4.jpg,0.7,0.4,0.0,0.1,0.1,0.1,0.4
driveway6.jpg,0.75,0.5,0.0,0.0,0.25,0.0,0.0
driveway7.jpg,0.6666666666666666,0.2222222222222222,0.2222222222222222,0.2222222222222222,0.2222222222222222,0.3333333333333333,0.1111111111111111
driveway8.jpg,0.4444444444444444,0.1111111111111111,0.4444444444444444,0.1111111111111111,0.1111111111111111,0.3333333333333333,0.1111111111111111
drycleaners4.jpg,0.5,0.25,0.0,0.0,0.25,0.25,0.5
drycleaners6.jpg,0.5,0.5,0.0,0.0,0.0,0.25,0.0
drymountains.jpg,0.75,0.25,0.0,0.5,0.0,0.0,0.5
drymountains3.jpg,0.25,0.75,0.25,0.25,0.25,0.25,0.25
drymountains5.jpg,0.7777777777777778,0.2222222222222222,0.2222222222222222,0.0,0.0,0.2222222222222222,0.0
drymountains6.jpg,0.75,0.25,0.0,0.25,0.0,0.0,0.25
dugout1.jpg,0.3333333333333333,0.3333333333333333,0.1111111111111111,0.2222222222222222,0.0,0.5555555555555556,0.0
dugout2.jpg,1.0,0.5,0.0,0.25,0.5,0.0,0.0
dugout4.jpg,0.5,0.25,0.25,0.0,0.25,0.0,0.5
elevatorOutside1.jpg,0.25,0.5,0.75,0.25,0.25,0.75,0.25
elevatorOutside2.jpg,0.2857142857142857,0.0,0.2857142857142857,0.0,0.0,0.2857142857142857,0.2857142857142857
elevatorOutside4.jpg,1.0,0.0,0.0,0.0,0.2,0.0,0.0
exerciseequipment3.jpg,0.5,0.0,0.0,0.0,0.25,0.25,0.5
exerciseequipment5.jpg,0.5,0.25,0.0,0.0,0.5,0.25,0.0
eyeglassstore9.jpg,0.1,0.6,0.6,0.1,0.1,0.3,0.1
fabricstore1.jpg,0.6666666666666666,0.0,0.0,0.0,0.0,0.0,0.0
fabricstore2.jpg,0.2857142857142857,0.2857142857142857,0.14285714285714285,0.0,0.2857142857142857,0.14285714285714285,0.2857142857142857
factory1.jpg,0.25,0.25,0.75,0.0,0.0,0.0,0.0
farm1.jpg,0.9,0.4,0.4,0.1,0.1,0.2,0.1
farm2.jpg,0.2857142857142857,0.2857142857142857,0.42857142857142855,0.0,0.14285714285714285,0.14285714285714285,0.14285714285714285
farm3.jpg,0.0,0.3,0.6,0.1,0.1,0.3,0.2
farm4.jpg,0.7777777777777778,0.0,0.0,0.0,0.0,0.1111111111111111,0.0
farmersmarket4.jpg,0.0,0.5,0.0,0.5,0.0,0.0,0.25
fireplace4.jpg,0.42857142857142855,0.0,0.0,0.42857142857142855,0.2857142857142857,0.0,0.42857142857142855
firestation2.jpg,0.25,0.5,0.25,0.0,0.0,0.25,0.25
firestation3.jpg,0.9,0.3,0.1,0.2,0.1,0.0,0.3
firestation4.jpg,0.0,0.25,0.75,0.25,0.0,0.5,0.0
firestation5.jpg,1.0,0.2857142857142857,0.42857142857142855,0.0,0.14285714285714285,0.14285714285714285,0.0
fittingroom2.jpg,0.75,0.25,0.0,0.0,0.5,0.0,0.0
fittingroom5.jpg,0.5,0.25,0.25,0.25,0.0,0.0,0.25
flowershop.jpg,0.25,0.0,0.0,0.75,0.0,0.0,0.75
flowershop3.jpg,0.5,0.25,0.25,0.0,0.25,0.0,0.0
foodcourt.jpg,0.2222222222222222,0.5555555555555556,0.0,0.1111111111111111,0.3333333333333333,0.1111111111111111,0.0
foodcourt6.jpg,0.2222222222222222,0.0,0.2222222222222222,0.1111111111111111,0.1111111111111111,0.2222222222222222,0.0
forestpath10.jpg,0.1,0.0,0.4,0.0,0.0,0.6,0.1
forestpath2.jpg,0.7142857142857143,0.0,0.0,0.0,0.0,0.2857142857142857,0.0
forestpath4.jpg,0.8888888888888888,0.0,0.0,0.0,0.1111111111111111,0.0,0.0
forestpath6.jpg,0.25,0.25,0.5,0.0,0.25,0.25,0.0
fountain.jpg,0.42857142857142855,0.42857142857142855,0.42857142857142855,0.2857142857142857,0.14285714285714285,0.14285714285714285,0.14285714285714285
fountain4.jpg,0.4444444444444444,0.2222222222222222,0.2222222222222222,0.3333333333333333,0.1111111111111111,0.1111111111111111,0.3333333333333333
fountain7.jpg,0.0,0.3333333333333333,0.3333333333333333,0.5555555555555556,0.0,0.0,0.5555555555555556
frontDoor.jpg,0.75,0.0,0.0,0.25,0.0,0.0,0.25
frontDoor2.jpg,1.0,0.0,0.0,0.0,0.0,0.25,0.0
frontDoor3.jpg,1.0,0.0,0.0,0.0,0.25,0.25,0.0
frontDoor5.jpg,0.75,0.25,0.25,0.25,0.0,0.0,0.25
frontFoyer.jpg,1.0,0.14285714285714285,0.2857142857142857,0.2857142857142857,0.0,0.0,0.14285714285714285
frontFoyer4.jpg,0.6,0.1,0.0,0.0,0.5,0.1,0.0
frontFoyer6.jpg,1.0,0.5,0.25,0.0,0.0,0.0,0.0
frontFoyer7.jpg,0.7,0.1,0.3,0.1,0.2,0.1,0.2
frontLawn2.jpg,0.8571428571428571,0.0,0.14285714285714285,0.0,0.42857142857142855,0.5714285714285714,0.14285714285714285
frontLawn3.jpg,0.75,0.25,0.25,0.25,0.25,0.5,0.25
frontLawn4.jpg,1.0,0.25,0.25,0.25,0.5,0.5,0.25
frontLawn5.jpg,1.0,0.0,0.1,0.0,0.0,0.0,0.0
gasstation2.jpg,0.5714285714285714,0.14285714285714285,0.14285714285714285,0.2857142857142857,0.2857142857142857,0.14285714285714285,0.14285714285714285
gasstation6.jpg,0.75,0.0,0.0,0.25,0.0,0.0,0.25
gasstation7.jpg,0.5,0.25,0.0,0.25,0.0,0.25,0.5
gasstation8.jpg,0.4,0.4,0.2,0.2,0.3,0.0,0.1
gazebo.jpg,0.7142857142857143,0.42857142857142855,0.5714285714285714,0.0,0.0,0.0,0.0
gazebo2.jpg,1.0,0.0,0.0,0.25,0.0,0.0,0.25
gazebo3.jpg,1.0,0.25,0.25,0.0,0.0,0.0,0.0
gazebo5.jpg,1.0,0.0,0.0,0.0,0.25,0.25,0.0
golfcourse10.jpg,1.0,0.25,0.25,0.25,0.25,0.25,0.25
golfcourse6.jpg,0.7,0.6,0.5,0.2,0.5,0.4,0.2
golfcourse7.jpg,0.4444444444444444,0.4444444444444444,0.2222222222222222,0.3333333333333333,0.3333333333333333,0.1111111111111111,0.1111111111111111
greenhouse.jpg,0.2222222222222222,0.1111111111111111,0.2222222222222222,0.3333333333333333,0.1111111111111111,0.6666666666666666,0.2222222222222222
greenhouse2.jpg,1.0,0.0,0.0,0.0,0.0,0.0,0.0
greenhouse5.jpg,0.2,0.0,0.0,0.5,0.0,0.0,0.6
greenmountains.jpg,0.75,0.5,0.75,0.5,0.5,0.5,0.5
grocerystore2.jpg,0.8571428571428571,0.0,0.0,0.0,0.0,0.14285714285714285,0.0
grocerystore3.jpg,0.42857142857142855,0.0,0.14285714285714285,0.0,0.0,0.7142857142857143,0.14285714285714285
grocerystore5.jpg,0.25,0.0,0.0,0.75,0.0,0.0,0.75
grocerystore6.jpg,0.0,0.3,0.9,0.4,0.1,0.0,0.3
hallway.jpg,0.8571428571428571,0.0,0.0,0.0,0.0,0.2857142857142857,0.14285714285714285
hallway2.jpg,0.8888888888888888,0.0,0.0,0.0,0.0,0.0,0.0
hallway4.jpg,1.0,0.0,0.0,0.0,0.0,0.0,0.0
hallway5.jpg,0.5,0.1,0.0,0.0,0.5,0.0,0.0
hardwarestore1.jpg,0.1,0.3,0.0,0.0,0.6,0.0,0.0
hayfield4.jpg,0.3333333333333333,0.5555555555555556,0.3333333333333333,0.4444444444444444,0.2222222222222222,0.2222222222222222,0.3333333333333333
hayfield5.jpg,0.5,0.25,0.25,0.5,0.5,0.5,0.5
hayfield6.jpg,0.5714285714285714,0.5714285714285714,0.14285714285714285,0.2857142857142857,0.2857142857142857,0.14285714285714285,0.14285714285714285
hayfield7.jpg,0.8571428571428571,0.42857142857142855,0.2857142857142857,0.14285714285714285,0.2857142857142857,0.42857142857142855,0.14285714285714285
hedgemaze1.jpg,0.25,0.25,0.5,0.5,0.25,0.25,0.5
highway.jpg,0.7777777777777778,0.1111111111111111,0.0,0.0,0.1111111111111111,0.0,0.0
highway2.jpg,0.42857142857142855,0.0,0.14285714285714285,0.0,0.5714285714285714,0.14285714285714285,0.0
highway4.jpg,1.0,0.0,0.0,0.0,0.25,0.0,0.0
highway7.jpg,0.75,0.75,0.0,0.0,0.25,0.5,0.0
homegarage.jpg,0.25,0.25,0.25,0.25,0.25,0.0,0.0
homegarage2.jpg,0.7142857142857143,0.0,0.14285714285714285,0.0,0.42857142857142855,0.14285714285714285,0.0
homegarage3.jpg,0.6666666666666666,0.0,0.1111111111111111,0.0,0.1111111111111111,0.1111111111111111,0.0
homegarage4.jpg,0.5555555555555556,0.0,0.2222222222222222,0.0,0.0,0.2222222222222222,0.3333333333333333
homegarden6.jpg,0.25,0.0,0.5,0.25,0.0,0.0,0.0
homegarden7.jpg,0.5,0.0,0.0,0.0,0.25,0.75,0.0
homeoffice.jpg,0.3,0.3,0.3,0.1,0.7,0.2,0.2
homeoffice8.jpg,0.8571428571428571,0.14285714285714285,0.14285714285714285,0.0,0.2857142857142857,0.2857142857142857,0.0
hometheater2.jpg,0.5,0.0,0.5,0.0,0.0,0.75,0.0
horsebarn11.jpg,0.0,0.0,0.7,0.0,0.0,0.2,0.1
horsebarn8.jpg,1.0,0.5,0.5,0.25,0.0,0.0,0.0
horsebarn9.jpg,0.8571428571428571,0.14285714285714285,0.14285714285714285,0.0,0.42857142857142855,0.42857142857142855,0.14285714285714285
hospitalroom2.jpg,0.42857142857142855,0.14285714285714285,0.2857142857142857,0.0,0.2857142857142857,0.14285714285714285,0.14285714285714285
hospitalroom3.jpg,0.2857142857142857,0.14285714285714285,0.2857142857142857,0.0,0.2857142857142857,0.42857142857142855,0.14285714285714285
hotelRoom2.jpg,0.5,0.25,0.25,0.0,0.5,0.25,0.0
hotelRoom3.jpg,0.6,0.3,0.0,0.0,0.6,0.0,0.1
hotelRoom7.jpg,0.1111111111111111,0.1111111111111111,0.3333333333333333,0.0,0.0,0.2222222222222222,0.3333333333333333
hotellobby2.jpg,0.5,0.25,0.0,0.5,0.25,0.25,0.25
hut1.jpg,0.8888888888888888,0.3333333333333333,0.3333333333333333,0.2222222222222222,0.1111111111111111,0.1111111111111111,0.0
hut2.jpg,0.75,0.0,0.0,0.25,0.5,0.5,0.5
hut3.jpg,0.2,0.2,0.0,0.0,0.8,0.0,0.1
hut5.jpg,0.4444444444444444,0.1111111111111111,0.1111111111111111,0.1111111111111111,0.1111111111111111,0.4444444444444444,0.2222222222222222
icecream2.jpg,0.2857142857142857,0.2857142857142857,0.0,0.14285714285714285,0.42857142857142855,0.0,0.0
igloo.jpg,0.2857142857142857,0.14285714285714285,0.14285714285714285,0.0,0.2857142857142857,0.0,0.42857142857142855
igloo2.jpg,0.5,0.5,0.25,0.25,0.0,0.0,0.5
igloo4.jpg,0.5555555555555556,0.1111111111111111,0.1111111111111111,0.1111111111111111,0.4444444444444444,0.0,0.1111111111111111
igloo5.jpg,0.75,0.0,0.0,0.25,0.0,0.25,0.25
jail1.jpg,0.1,0.0,0.9,0.0,0.0,0.4,0.1
jewelrystore.jpg,0.2857142857142857,0.14285714285714285,0.14285714285714285,0.14285714285714285,0.42857142857142855,0.0,0.0
jewelrystore8.jpg,0.75,0.5,0.25,0.25,0.0,0.0,0.25
kindergarten_classroom.jpg,0.14285714285714285,0.5714285714285714,0.0,0.14285714285714285,0.0,0.14285714285714285,0.0
kindergarten_classroom5.jpg,0.0,0.3333333333333333,0.4444444444444444,0.4444444444444444,0.1111111111111111,0.0,0.1111111111111111
kindergarten_classroom6.jpg,0.4444444444444444,0.0,0.2222222222222222,0.0,0.5555555555555556,0.1111111111111111,0.1111111111111111
kindergarten_classroom7.jpg,0.2222222222222222,0.3333333333333333,0.1111111111111111,0.2222222222222222,0.1111111111111111,0.4444444444444444,0.1111111111111111
lab1.jpg,0.4,0.4,0.0,0.1,0.3,0.3,0.2
lab3.jpg,0.1111111111111111,0.7777777777777778,0.4444444444444444,0.0,0.2222222222222222,0.0,0.2222222222222222
lab4.jpg,0.1111111111111111,0.6666666666666666,0.1111111111111111,0.0,0.1111111111111111,0.0,0.4444444444444444
lab5.jpg,0.1111111111111111,0.5555555555555556,0.1111111111111111,0.0,0.3333333333333333,0.0,0.2222222222222222
labClass7.jpg,0.5555555555555556,0.2222222222222222,0.0,0.0,0.0,0.5555555555555556,0.1111111111111111
laundromat2.jpeg,0.0,0.5,0.25,0.25,0.0,0.0,0.25
laundromat3.jpg,0.25,0.5,0.25,0.25,0.25,0.0,0.0
laundromat4.jpg,0.0,0.0,0.75,0.0,0.0,0.25,0.5
library_aisle10.jpg,0.25,0.0,0.0,0.25,0.75,0.25,0.0
library_aisle3.jpg,0.5,0.0,0.0,0.0,0.0,0.25,0.25
library_aisle8.jpg,0.8,0.2,0.0,0.2,0.0,0.4,0.0
library_aisle9.jpg,0.8571428571428571,0.0,0.0,0.0,0.0,0.0,0.0
lightingstore2.jpg,0.5714285714285714,0.5714285714285714,0.2857142857142857,0.14285714285714285,0.5714285714285714,0.0,0.14285714285714285
lightingstore3.jpg,1.0,0.0,0.0,0.0,0.0,0.0,0.0
lightingstore4.jpg,0.0,0.5,0.0,0.5,0.25,0.0,0.0
liquorstore.jpg,0.0,0.5555555555555556,0.0,0.1111111111111111,0.2222222222222222,0.0,0.1111111111111111
liquorstore2.jpg,0.0,0.5555555555555556,0.4444444444444444,0.2222222222222222,0.2222222222222222,0.1111111111111111,0.3333333333333333
liquorstore7.jpg,0.5,0.0,0.25,0.0,0.25,0.25,0.25
liquorstore8.jpg,0.25,0.0,0.75,0.0,0.25,0.0,0.0
livingroom.jpg,0.5,0.25,0.25,0.0,0.5,0.5,0.0
lockerroom.jpg,0.42857142857142855,0.14285714285714285,0.42857142857142855,0.2857142857142857,0.0,0.5714285714285714,0.2857142857142857
lockerroom2.jpg,0.3333333333333333,0.3333333333333333,0.1111111111111111,0.2222222222222222,0.2222222222222222,0.2222222222222222,0.1111111111111111
lockerroom3.jpg,0.0,0.25,0.25,0.25,0.25,0.25,0.0
lockerroom4.jpg,0.75,0.0,0.25,0.25,0.5,0.0,0.0
lookout4.jpg,1.0,0.14285714285714285,0.14285714285714285,0.0,0.0,0.0,0.0
mallindoor6.jpg,0.2857142857142857,0.2857142857142857,0.2857142857142857,0.0,0.7142857142857143,0.42857142857142855,0.14285714285714285
metroInside1.jpg,0.7777777777777778,0.2222222222222222,0.0,0.2222222222222222,0.1111111111111111,0.0,0.1111111111111111
metroInside2.jpg,0.75,0.5,0.0,0.0,0.0,0.0,0.0
metroInside3.jpg,0.75,0.25,0.25,0.0,0.25,0.25,0.0
metroInside4.jpg,1.0,0.0,0.0,0.0,0.0,0.0,0.0
minigolf.jpg,0.2,0.0,0.3,0.2,0.0,0.4,0.3
minigolf8.jpg,0.6666666666666666,0.3333333333333333,0.5555555555555556,0.1111111111111111,0.2222222222222222,0.1111111111111111,0.0
museum3.jpg,0.2222222222222222,0.4444444444444444,0.5555555555555556,0.1111111111111111,0.4444444444444444,0.2222222222222222,0.1111111111111111
museum4.jpg,0.0,0.4444444444444444,0.4444444444444444,0.1111111111111111,0.4444444444444444,0.2222222222222222,0.2222222222222222
museum5.jpg,0.5,0.5,0.5,0.0,0.75,0.75,0.0
museum6.jpg,0.2,0.1,0.7,0.2,0.0,0.6,0.0
musicStore1.jpg,0.0,0.25,0.25,0.25,1.0,0.25,0.0
musicStore3.jpg,0.5,0.25,0.0,0.25,0.0,0.5,0.0
newsstand2.jpg,0.25,0.25,0.25,0.25,0.0,0.0,0.25
newsstand5.jpg,0.1,0.5,0.6,0.3,0.2,0.2,0.1
newsstand7.jpg,0.4,0.3,0.2,0.2,0.1,0.0,0.3
nursery.jpg,0.75,0.0,0.25,0.0,0.0,0.5,0.0
nursery4.jpg,0.3333333333333333,0.5555555555555556,0.1111111111111111,0.3333333333333333,0.1111111111111111,0.1111111111111111,0.0
observatory1.jpg,0.8571428571428571,0.0,0.0,0.14285714285714285,0.14285714285714285,0.14285714285714285,0.14285714285714285
observatory2.jpg,0.7142857142857143,0.2857142857142857,0.42857142857142855,0.0,0.42857142857142855,0.2857142857142857,0.14285714285714285
observatory4.jpeg,0.75,0.0,0.0,0.0,0.0,0.0,0.25
office3.jpg,0.2,0.4,0.7,0.1,0.0,0.5,0.0
operatingroom1.jpg,0.6666666666666666,0.2222222222222222,0.2222222222222222,0.2222222222222222,0.3333333333333333,0.3333333333333333,0.1111111111111111
operatingroom4.jpg,0.5,0.0,0.5,0.0,0.0,0.0,0.0
pantry5.jpg,0.0,0.0,0.5,0.0,0.0,0.75,0.0
park.jpg,0.6666666666666666,0.2222222222222222,0.1111111111111111,0.1111111111111111,0.5555555555555556,0.2222222222222222,0.1111111111111111
park2.jpg,0.7777777777777778,0.4444444444444444,0.4444444444444444,0.3333333333333333,0.2222222222222222,0.2222222222222222,0.2222222222222222
park7.jpg,0.7,0.1,0.2,0.5,0.1,0.1,0.4
park8.jpg,0.6666666666666666,0.1111111111111111,0.6666666666666666,0.0,0.1111111111111111,0.2222222222222222,0.1111111111111111
parkinggarage.jpg,1.0,0.25,0.5,0.25,0.0,0.25,0.0
parkinggarage2.jpg,1.0,0.75,0.25,0.25,0.25,0.0,0.25
parkinggarage3.jpg,0.5,0.0,0.25,0.25,0.0,0.25,0.25
parkinggarage4.jpg,0.0,0.2857142857142857,0.5714285714285714,0.5714285714285714,0.42857142857142855,0.2857142857142857,0.14285714285714285
parkinglot.jpg,1.0,0.6,0.7,0.5,0.5,0.6,0.5
parkinglot2.jpg,0.8,0.1,0.3,0.1,0.1,0.2,0.0
parkinglot3.jpg,0.75,0.5,0.5,0.5,0.0,0.0,0.5
pasture.jpg,0.25,1.0,0.25,0.5,0.25,0.0,0.0
pasture8.jpg,0.14285714285714285,0.0,0.42857142857142855,0.0,0.0,0.14285714285714285,0.42857142857142855
pasture9.jpg,0.75,0.0,0.25,0.0,0.0,0.0,0.0
pavilion.jpg,0.9,0.2,0.2,0.0,0.2,0.2,0.0
pavilion2.jpg,0.75,0.5,0.5,0.5,0.0,0.0,0.5
pavilion3.jpg,0.5555555555555556,0.1111111111111111,0.1111111111111111,0.1111111111111111,0.4444444444444444,0.5555555555555556,0.1111111111111111
pavilion5.jpg,0.5,0.4,0.5,0.2,0.1,0.2,0.2
pharmacy4.jpg,0.9,0.0,0.0,0.1,0.0,0.0,0.1
photographer_studio2.jpg,0.5,0.4,0.0,0.0,0.3,0.1,0.1
pier2.jpg,0.6666666666666666,0.0,0.1111111111111111,0.0,0.6666666666666666,0.4444444444444444,0.0
pier5.jpg,1.0,0.0,0.0,0.0,0.0,0.0,0.0
playground10.jpg,0.8,0.7,0.2,0.1,0.3,0.2,0.1
playground6.jpg,1.0,0.8,0.5,0.2,0.4,0.3,0.2
playground9.jpg,0.25,0.25,0.5,0.5,0.5,0.75,0.5
playroom4.jpg,0.3,0.4,0.1,0.0,0.6,0.1,0.0
playroom6.jpg,0.9,0.0,0.0,0.0,0.1,0.1,0.1
poolhall1.jpg,0.4,0.4,0.0,0.0,0.5,0.0,0.1
poolhall2.jpeg,0.0,0.5,0.0,0.0,0.7,0.0,0.1
poolhall5.jpg,0.1111111111111111,0.1111111111111111,0.5555555555555556,0.0,0.0,0.4444444444444444,0.0
porch.jpg,0.75,0.25,0.0,0.0,0.25,0.0,0.0
postoffice4.jpg,1.0,0.2857142857142857,0.0,0.2857142857142857,0.0,0.0,0.0
promenadeDeck.jpg,1.0,0.0,0.0,0.0,0.0,0.0,0.0
promenadeDeck2.jpg,0.5,0.0,0.0,0.0,0.0,0.5,0.0
promenadeDeck3.jpg,0.5,0.25,0.25,0.0,0.5,0.25,0.0
promenadeDeck6.jpg,0.25,0.5,0.0,0.25,0.5,0.0,0.0
publicrestroom2.jpg,0.5,0.5,0.0,0.0,0.5,0.0,0.0
racecarcourse2.jpg,0.2,0.2,0.2,0.2,0.2,0.1,0.1
rainforest5.jpg,0.3333333333333333,0.0,0.0,0.1111111111111111,0.1111111111111111,0.0,0.1111111111111111
readingroom1.jpg,0.25,0.25,0.0,0.75,0.0,0.0,0.0
readingroom2.jpg,1.0,0.0,0.0,0.0,0.14285714285714285,0.14285714285714285,0.0
readingroom4.jpg,0.7777777777777778,0.2222222222222222,0.2222222222222222,0.0,0.0,0.0,0.0
readingroom5.jpg,0.5,0.25,0.0,0.25,0.5,0.25,0.25
recordingstudio4.jpg,0.25,0.0,0.0,0.25,0.0,0.25,0.5
restaurant13.jpg,1.0,0.25,0.25,0.0,0.0,0.0,0.0
restaurant14.jpg,0.0,0.0,0.25,0.25,0.25,0.0,0.5
restaurant8.jpg,0.1111111111111111,0.3333333333333333,0.0,0.0,0.5555555555555556,0.0,0.0
restaurantkitchen2.jpg,1.0,0.25,0.0,0.0,0.25,0.25,0.0
rooftop1.jpg,1.0,0.75,0.75,0.25,0.25,0.5,0.25
rooftop2.jpg,0.8571428571428571,0.5714285714285714,0.42857142857142855,0.14285714285714285,0.2857142857142857,0.42857142857142855,0.14285714285714285
rooftop3.jpg,0.42857142857142855,0.2857142857142857,0.2857142857142857,0.42857142857142855,0.42857142857142855,0.42857142857142855,0.2857142857142857
rooftop4.jpg,0.7142857142857143,0.14285714285714285,0.2857142857142857,0.14285714285714285,0.5714285714285714,0.2857142857142857,0.14285714285714285
ruralroad2.jpg,0.5,0.5,0.0,0.0,0.0,0.0,0.0
ruralroad3.jpg,0.5,0.0,0.5,0.0,0.0,0.25,0.0
ruralroad5.jpg,0.3,0.0,0.4,0.2,0.0,0.1,0.1
ruralroad7.jpg,0.25,0.75,0.25,0.0,0.0,0.25,0.25
sandDunes_desert_outdoor.jpg,0.7777777777777778,0.4444444444444444,0.3333333333333333,0.2222222222222222,0.2222222222222222,0.2222222222222222,0.2222222222222222
sandDunes_desert_outdoor3.jpg,0.6666666666666666,0.4444444444444444,0.4444444444444444,0.2222222222222222,0.3333333333333333,0.2222222222222222,0.2222222222222222
sandDunes_desert_outdoor8.jpg,0.7777777777777778,0.3333333333333333,0.3333333333333333,0.3333333333333333,0.4444444444444444,0.4444444444444444,0.3333333333333333
sandDunes_desert_outdoor9.jpg,1.0,0.5,0.5,0.4,0.6,0.6,0.4
sandbox.jpg,0.42857142857142855,0.0,0.14285714285714285,0.2857142857142857,0.0,0.0,0.42857142857142855
savanna.jpg,1.0,0.0,0.0,0.25,0.0,0.0,0.25
savanna5.jpg,1.0,0.5,0.5,0.5,0.5,0.5,0.5
sculpturegarden1.jpg,0.3,0.2,0.8,0.2,0.0,0.4,0.1
sculpturegarden2.jpg,0.2222222222222222,0.6666666666666666,0.4444444444444444,0.1111111111111111,0.2222222222222222,0.2222222222222222,0.2222222222222222
sculpturegarden3.jpg,0.14285714285714285,0.14285714285714285,0.14285714285714285,0.42857142857142855,0.14285714285714285,0.2857142857142857,0.2857142857142857
sculpturegarden4.jpg,0.25,0.5,0.25,0.25,0.75,0.5,0.25
shoestore2.jpg,0.5,0.25,0.0,0.25,0.25,0.75,0.0
shoestore4.jpg,0.2857142857142857,0.0,0.0,0.14285714285714285,0.7142857142857143,0.14285714285714285,0.0
sidewalk1.jpg,1.0,0.0,0.0,0.0,0.25,0.25,0.0
sidewalk2.jpg,0.8,0.1,0.0,0.1,0.1,0.2,0.0
sidewalk3.jpg,1.0,0.2857142857142857,0.14285714285714285,0.2857142857142857,0.0,0.0,0.14285714285714285
sidewalk5.jpg,0.9,0.0,0.0,0.0,0.0,0.0,0.0
skatepark5.jpg,0.25,0.25,0.5,0.25,0.25,0.5,0.0
skatepark7.jpg,0.5,0.25,0.0,0.25,0.0,0.0,0.0
soccerfield.jpg,0.8888888888888888,0.4444444444444444,0.4444444444444444,0.3333333333333333,0.4444444444444444,0.4444444444444444,0.3333333333333333
soccerfield2.jpg,0.7142857142857143,0.5714285714285714,0.5714285714285714,0.14285714285714285,0.2857142857142857,0.14285714285714285,0.14285714285714285
staircase.jpg,0.5,0.0,0.0,0.5,0.25,0.25,0.0
staircase4.jpg,1.0,0.25,0.25,0.0,0.0,0.0,0.25
staircase6.jpg,1.0,0.25,0.25,0.25,0.25,0.25,0.0
staircase7.jpg,0.6666666666666666,0.1111111111111111,0.4444444444444444,0.0,0.2222222222222222,0.0,0.3333333333333333
stripmall.jpg,0.4,0.3,0.8,0.2,0.4,0.5,0.3
stripmall3.jpg,0.5555555555555556,0.3333333333333333,0.6666666666666666,0.0,0.1111111111111111,0.2222222222222222,0.1111111111111111
stripmall6.jpg,0.75,0.0,0.0,0.25,0.0,0.0,0.5
tenniscourt.jpg,0.8571428571428571,0.5714285714285714,0.42857142857142855,0.42857142857142855,0.2857142857142857,0.2857142857142857,0.42857142857142855
tenniscourt3.jpg,0.5,0.0,0.0,0.0,0.0,0.5,0.0
theater2.jpg,0.9,0.1,0.1,0.0,0.0,0.0,0.0
ticket_counter6.jpg,0.1111111111111111,0.0,0.5555555555555556,0.0,0.0,0.2222222222222222,0.0
tollbooth8.jpg,1.0,0.5,0.25,0.0,0.25,0.25,0.0
track.jpg,0.6,0.1,0.4,0.0,0.1,0.4,0.1
track5.jpg,0.8,0.0,0.2,0.0,0.1,0.2,0.1
trainStation1.jpg,1.0,0.0,0.0,0.0,0.0,0.0,0.0
trainStation3.jpg,0.5714285714285714,0.0,0.14285714285714285,0.0,0.42857142857142855,0.0,0.0
trainStation5.jpg,0.0,0.5,0.1,0.1,0.4,0.0,0.0
treehouse.jpg,1.0,0.0,0.0,0.0,0.25,0.0,0.0
tvstudio2.jpg,0.4444444444444444,0.3333333333333333,0.3333333333333333,0.1111111111111111,0.4444444444444444,0.0,0.1111111111111111
tvstudio3.jpg,0.14285714285714285,0.14285714285714285,0.2857142857142857,0.0,0.14285714285714285,0.2857142857142857,0.5714285714285714
volleyballcourt.jpg,0.9,0.6,0.2,0.3,0.6,0.4,0.2
volleyballcourt4.jpg,0.4,0.2,0.3,0.0,0.6,0.0,0.1
waitingroom2.jpg,1.0,0.0,0.0,0.0,0.0,0.25,0.0
waitingroom3.jpg,0.1,0.5,0.1,0.1,0.6,0.0,0.5
waitingroom4.jpg,0.5,0.25,0.25,0.0,0.0,0.75,0.5
warehouse1.jpg,0.2857142857142857,0.42857142857142855,0.14285714285714285,0.14285714285714285,0.5714285714285714,0.0,0.0
warehouse2.jpg,0.9,0.0,0.0,0.0,0.0,0.0,0.0
warehouse3.jpg,0.25,0.75,0.25,0.0,0.5,0.5,0.0
warehouse4.jpg,0.25,0.0,0.0,0.0,0.75,0.25,0.0
warehouseoutside1.jpg,0.4,0.7,0.3,0.0,0.2,0.1,0.2
warehouseoutside2.jpg,0.3333333333333333,0.2222222222222222,0.6666666666666666,0.2222222222222222,0.3333333333333333,0.5555555555555556,0.4444444444444444
warehouseoutside3.jpg,0.8571428571428571,0.0,0.0,0.14285714285714285,0.14285714285714285,0.2857142857142857,0.14285714285714285
warehouseoutside4.jpg,0.5,0.25,0.5,0.25,0.0,0.5,0.25
weightroom.jpg,0.2222222222222222,0.3333333333333333,0.0,0.1111111111111111,0.3333333333333333,0.6666666666666666,0.0
weightroom4.jpg,0.4444444444444444,0.1111111111111111,0.1111111111111111,0.4444444444444444,0.1111111111111111,0.1111111111111111,0.4444444444444444
weightroom5.jpg,0.5,0.25,0.75,0.5,0.0,0.25,0.25
windmill1.jpg,0.6666666666666666,0.4444444444444444,0.5555555555555556,0.2222222222222222,0.2222222222222222,0.4444444444444444,0.2222222222222222
windmill2.jpg,0.5,0.75,0.25,0.0,0.0,0.25,0.0
wineVineyard2.jpg,0.1,0.0,0.7,0.0,0.0,0.2,0.1
wineVineyard8.jpg,0.9,0.0,0.0,0.0,0.0,0.0,0.0
wineVineyard9.jpg,1.0,0.0,0.0,0.0,0.0,0.25,0.0
winebarrel2.jpg,0.14285714285714285,0.0,0.42857142857142855,0.0,0.0,0.2857142857142857,0.42857142857142855
winebarrel3.jpg,0.7777777777777778,0.0,0.0,0.0,0.0,0.0,0.0
winebarrel4.jpg,0.4444444444444444,0.3333333333333333,0.3333333333333333,0.2222222222222222,0.2222222222222222,0.3333333333333333,0.1111111111111111
wrestlingring7.jpg,0.1111111111111111,0.4444444444444444,0.4444444444444444,0.3333333333333333,0.0,0.0,0.2222222222222222
yogastudio1.jpg,1.0,0.14285714285714285,0.14285714285714285,0.0,0.14285714285714285,0.14285714285714285,0.0
yogastudio4.jpg,0.3,0.6,0.3,0.2,0.3,0.2,0.2
